A21F5EJGLBH2QL, -0.015351
A1R87YSXT4SDS4, -0.015208
AHFT1TU6FEFQ8, -0.015180
A2RR0K877ELVG3, -0.007821
A1C1R6922S2V5Y, -0.003623
A36PPDWYJKK8SG, -0.001661
A3347JHR2QMID5, -0.001380
ANJSMWN361NSG, -0.001094
ALHLA8UE7JFQT, -0.000974
A2AKOKIF0S0R4Q, -0.000956
A3SJUCPMB971EJ, -0.000892
AW06W3JZA0B11, -0.000775
A1LGREC73TSFOV, -0.000615
A1W8M57U8NKEEC, -0.000573
A1K3OG2W3KBI54, -0.000572
A233OPIX0YGN98, -0.000565
AA4GC72H2UZQ4, -0.000558
A2OETFZ7IA6XSQ, -0.000557
A3UP5T3NEQ0E5S, -0.000484
A38A35R8VN5RWL, -0.000472
AHBQWBLSBKH6H, -0.000462
A30YYT2POFVI8H, -0.000437
A1NCHUP6GQOHFT, -0.000420
A3UCHPLO3XEAXE, -0.000418
A2AHF0C1VWCQVM, -0.000401
A28KCF8N1U7MAF, -0.000394
A2MGN5UJVWUYII, -0.000378
A3HMKD1UETC5D3, -0.000350
AQRJWDODWT0DJ, -0.000349
A8WKNCN7FUZ3U, -0.000331
A3DXJF6N9E3U70, -0.000328
AU1N8A8XWHHTP, -0.000317
ANF0XRBISV40, -0.000315
A3SQQYS79AV13M, -0.000299
ARXU7TM4XXI1D, -0.000297
A26GEFQVB416FS, -0.000288
A3TPLK0JV6NKK6, -0.000287
A30QOW3RYHGQA3, -0.000276
A2Q0WZEYMNHMUU, -0.000273
A3AAZCSMJHVGF1, -0.000249
AWGO3M6ZI4KKH, -0.000246
A123MUWY43NVJ3, -0.000245
A2QNGVSIHJ4LRX, -0.000225
A19Y3Z5SFLDYPK, -0.000205
A35SGYGJJJS4JZ, -0.000203
A25JMYLCBYKEKL, -0.000195
A1RTUXC9W70SIF, -0.000195
ALKJNMVW3NZFY, -0.000193
AGBCC4D3U4SU, -0.000191
A3TSIOLMFAQRZN, -0.000191
AHOSY8W7EWK4O, -0.000190
A2MOJANFPX353G, -0.000190
A36JM97UIAICZK, -0.000175
A382WLIS5W6QFD, -0.000174
A6T1RHMQ9NSE4, -0.000170
A1LOZM3QVMQYFI, -0.000168
A3PL5U3JYRSWQ1, -0.000163
A1VK8A8KJDHHLY, -0.000161
A2YKMLYKSVBIJA, -0.000156
A3U79UMRT16MGC, -0.000150
A3SUCXWNLDQKF7, -0.000149
A1BIZKW047ROEO, -0.000147
A19ZGQMTNYO00, -0.000145
A353Y7VBQHHW0T, -0.000141
A1XJ2998CTGERT, -0.000139
A1GV4HEM6XZC06, -0.000137
AZPOFLFAWXON, -0.000137
A31J176KH7ZZEY, -0.000135
A2SZI14XX6766E, -0.000130
A3L35NP2WR87LI, -0.000130
A18SPWHKMN5P86, -0.000128
A1E5F4L4PC6QNA, -0.000127
A1KP6QQUWBH867, -0.000127
A2GS8KE8XNPU01, -0.000126
A7JW9WS18LOKX, -0.000126
A1YYWOLUF6I4G1, -0.000125
A1RWFQ6GR72S8C, -0.000124
A2BZQDGWUEB3I6, -0.000123
A3ANHFRO0BMR85, -0.000123
A15XSWG3ZX9SHS, -0.000122
A4O09N7ZP26RD, -0.000121
A3AFCZTWL5VNNR, -0.000117
A3GZVOSS2BYK5E, -0.000117
A33V97QLCA3EZA, -0.000116
A1X2GWDA6TTWY8, -0.000114
A6WME11TGFMEW, -0.000112
A18XOBH52BUBJ1, -0.000112
A232HMXXW8Z6XT, -0.000112
A16MSLN6N2NG6H, -0.000109
A10CAPBGOMXRBY, -0.000108
A2UC5TV6ZNMRJR, -0.000107
AFKALC34URYEY, -0.000106
AHA3EU8E216Z6, -0.000105
A1MJI53T1G0OUT, -0.000104
A1DI7KMBSK5MTU, -0.000100
AZU4M5K1N2LAB, -0.000100
A14GCXL7HPG57K, -0.000098
A3T4KSOOS8FIU3, -0.000098
A2NI95Y8UNE85D, -0.000094
ANHNUHKI585T7, -0.000094
A1RNN3EKXDFHCB, -0.000091
A2N3N439PRGV3I, -0.000091
A1QOK5WCD3KEDC, -0.000089
AYSYN1KLL6W5D, -0.000089
A2WKZTY8BSS7WJ, -0.000087
A3U0OHLUOOJSC3, -0.000087
A3NKRBAWSVGMLA, -0.000087
A1HLYNGUBXXW9S, -0.000086
A2D5ZYRQX2IMX5, -0.000086
A2UXU21SUAV4B6, -0.000085
A2GUXRR0DPXM2Q, -0.000085
A3S2ZEYQ79TDY4, -0.000085
A2M9PIPERKGC8R, -0.000084
A4Y25WA2GSO2H, -0.000083
A3774UJAKO4FHI, -0.000082
A6TR38N93U6GR, -0.000081
A3VNZ2DMCCAMED, -0.000078
A1LSUEX8R0ZSZE, -0.000078
A118Z248EE8HDS, -0.000078
A3900BFWJXKJP0, -0.000077
A3HXIIRWL92LID, -0.000077
A3JT4RP8UEGL4N, -0.000076
A3T3KPW2QE866W, -0.000075
A1WBZVB0BQMMJB, -0.000074
A3UVLU7VDZNFEJ, -0.000074
A38VEGWQVBGXW9, -0.000073
A1VD1J1E8JYZ9M, -0.000073
A2OI09LAVC6TO3, -0.000072
A15NIZLKNOXNZG, -0.000067
A30VESJC65X8W3, -0.000067
A1QLPXFD05AMOU, -0.000066
A1QH5ILVG45J6Y, -0.000064
A3VEDVQGMBZ0HM, -0.000064
AJ0XANDMK645Q, -0.000063
AMY0GEV1L69BV, -0.000063
AIQDFXQG9K75D, -0.000062
A16IWM0NZWOP6X, -0.000062
A25Q33C6TYGC98, -0.000062
AC6OYOJRD3MUU, -0.000061
A2SYO0E2LDZ7YN, -0.000061
A23MKSHD31YDNE, -0.000061
A1S9S9Q9QZK8Q8, -0.000060
A191T1D7JURDMI, -0.000059
A1PYBVIV3V5UO5, -0.000059
A38STJS73GCEC9, -0.000059
A1R9ENDDUT7CM0, -0.000059
A1STURXX6VYZEY, -0.000059
A2FBP7NGRMG73O, -0.000059
AMDREWLSOT8ID, -0.000058
A3D7MXGCU7HCYE, -0.000058
A2L7M1TT7T843O, -0.000057
AY3IAMPH9O3XE, -0.000055
A2L19XLK1JQS3I, -0.000055
A3HQKFTDZZZHNR, -0.000054
A22I8SLCVGXC5X, -0.000053
A266OAY9BKJH5A, -0.000052
A2CWWT2JDUBOPL, -0.000052
A1TD07CSRR8DN, -0.000052
A297OARE76DMYM, -0.000051
A1C573233MQPPI, -0.000051
A4QXRLFVZN03N, -0.000051
A1W8WQMBRK8J4U, -0.000051
A1PB7BE6G5B8JK, -0.000050
A27HYAB5IYG0JS, -0.000050
A2DH3QCVOS8XCY, -0.000050
A1ZWM7T7R6MO02, -0.000049
AEM5U7R1QBGI0, -0.000048
AFUM9UDF7IN6I, -0.000048
A3SBF7WGVTMD2F, -0.000047
A1XN69R2NN4KO4, -0.000047
ACE4VDFLELKZN, -0.000046
A2W5K1J5D3AP, -0.000046
A2YSX6B2BHR5NF, -0.000046
A181WJD6XNAN1Q, -0.000045
A3EEDHNHI4WNSH, -0.000045
A20A2SOQ4E05FZ, -0.000044
A2FIE8XAG5IJ4L, -0.000043
A2VIBZWD67KTKC, -0.000043
A2D5DVBEYMM6ZP, -0.000043
ANTR1PD2OLBTT, -0.000043
A1NFVOE5CHONU0, -0.000043
ASHECNE9V21NC, -0.000042
A8KPFQKJH0X1L, -0.000042
A2BZE7NAWXR0E7, -0.000042
A3QFVEQNX2FQ8P, -0.000041
A3C00N4UHA5XYX, -0.000041
A1A4MFC6VF9ZK9, -0.000041
A16PE2Z6XE3P87, -0.000041
A2YO8731SKDKLL, -0.000041
AMAW5TL27RI3E, -0.000041
A1K7OUOZGT6EG3, -0.000041
AUPDQSP0GMZ9A, -0.000040
A2PT2XT3JMLREM, -0.000040
A1DBC47OWOILTQ, -0.000040
A31KEDM3BCYK6D, -0.000040
A2JS80OZUFLPBW, -0.000039
A1A0MBT5LKK8U9, -0.000039
A1BSQ83BO7I1FV, -0.000038
A3SYJR1HDV113W, -0.000037
A2Y8JZY1CD2TL4, -0.000037
A28Q87PAMQEKUF, -0.000037
A320QA9HJFUOZO, -0.000037
A1NVKR2POLRON8, -0.000037
A1TTREMB4DDEX7, -0.000036
A12DQUAJN9QH23, -0.000036
A2IMODYHS3EL2O, -0.000036
ATIHDHZYNQ0EI, -0.000036
A3DVZQAVE4NOZR, -0.000036
A1LL6T11TQTRY, -0.000036
ARXDKTGDQ9SDL, -0.000035
A2PHC1W7HA2NW2, -0.000035
AC9JAT85740ME, -0.000035
A2BW6TGTN3WI6X, -0.000035
A3KYAZOEC3HYCW, -0.000035
AFPT0X3I2NPXO, -0.000035
A16WJEVYQPKAP7, -0.000035
A3KWE0MDWK5BN7, -0.000035
A1AKPZULRAG5PL, -0.000034
A82F6BLMZYE3P, -0.000034
A2YXF8J8PT41ST, -0.000034
AQ8WRF7TE5PPS, -0.000034
A1EUHMS0VCAX31, -0.000034
A3SGJD66DQULZY, -0.000034
A1UKQK8LFXVL2Y, -0.000034
A28RLTVE9YJBPW, -0.000033
A2M1CQ98CIXY7L, -0.000033
A1QLF7ULGL1D3Q, -0.000033
A33E19YUNSEY5O, -0.000033
A1DGUU9G7YFS3T, -0.000033
A3M32YMWKA2GP0, -0.000032
A14ZMTS3J55PRQ, -0.000032
API663PFYRQCP, -0.000032
A2H74FIBDN5NMR, -0.000032
A1RN11XVHIC4F7, -0.000032
AHW33LYPMQ8DB, -0.000032
AI3LZ4PY2FVK, -0.000031
A10PV6AP8SXEDI, -0.000031
A3PI8JJ2E4VT5E, -0.000030
A1H4R7TY2G50DH, -0.000030
A1K59FQ0C1SDBM, -0.000030
AA8GZRG23ULG7, -0.000029
A2L4FXJZISAL4T, -0.000029
A9JVGTV7XMM64, -0.000029
A134S6TOUH24QV, -0.000028
A21QS27OBPVWTL, -0.000027
ALL7VBW9BKLTN, -0.000027
A3OWU1R4LAL8GF, -0.000027
A30KNLUAYQ73F2, -0.000027
A3B6G4GLIV5MTK, -0.000026
A1MGHHKWTWEBUL, -0.000026
AZEJ3U70G5ZNO, -0.000026
A18RU2AEYLG7MS, -0.000026
A5UI0R6NJB4E5, -0.000026
A2ZL5W6AP7DO7N, -0.000026
ALRZBB393F38U, -0.000026
A1GBZCL326K4GN, -0.000026
AGBTH6GMRIPRK, -0.000025
A39NRLN369P8NP, -0.000025
A3GQKB1KF0CRPE, -0.000025
A3RFU2E6SX9PHG, -0.000025
AY7PS9N341GHE, -0.000025
A3DPH7DOW5RLQ5, -0.000025
AQXJM6TILVEDY, -0.000024
A33ZFPZ772MTO1, -0.000024
A13S52ARME92E7, -0.000024
A3070ZJOC44FW5, -0.000024
ATGD5QNAD6FAN, -0.000024
A1PG8FDKPVHXE, -0.000024
A250DA7FHOZ15B, -0.000024
A2ANIWVAFY5554, -0.000023
A1GCZDVS8F5JYM, -0.000023
A1YPRLAFZLSAS0, -0.000023
A2JWLGQZRIR4MB, -0.000023
A3FBOUQQWKO2T2, -0.000023
A2JSQCBXKZNNJO, -0.000022
AMPPPNBMRAEBF, -0.000022
A34EGKN2KDX08N, -0.000022
A3IHKGT1W8H1PI, -0.000022
A5OWTJLIR5Y7K, -0.000022
A1CRZ7NFROF4HX, -0.000022
A3DZ56XGE3ESRM, -0.000022
A1LWY6JPM3EEGT, -0.000022
A3H6PPWWDIC8KX, -0.000021
AF8XI1GPGSCH3, -0.000021
A2295J7IUFHKBJ, -0.000021
A2K2EUL44GUFPJ, -0.000021
A29VCB1YHD5IEL, -0.000021
A2FLPBEGWHALZ1, -0.000021
AC4UHSIEKM35K, -0.000021
A3OI5EP7O0FFGN, -0.000021
A1DFKPWO9HVT1M, -0.000020
A1WO815QTZH45X, -0.000020
A39ANVSTOM4L6H, -0.000020
A1PGIK7B7URO15, -0.000020
A3TGJGHCBESXFA, -0.000020
A1HEI1CQHCNB0V, -0.000019
AOYZ5HQ61TP2D, -0.000019
A2SIXFF0M93G27, -0.000019
A1MDPS3Q4WMHK2, -0.000019
A1GF6NCSM4Y3C9, -0.000019
A2FU9YFTOUNARL, -0.000019
A13FEDZA2FZLCC, -0.000019
A1RMYTOAF6FXM6, -0.000018
A1OAE2FSDZAXTL, -0.000018
A3UQXHI88S7XAX, -0.000018
ACNGAQSYIWO3W, -0.000018
A3EICZTLGAJQFL, -0.000018
A2UFC8M91UFRX9, -0.000018
A2CL818RN52NWN, -0.000018
A2776XCRM5VYZY, -0.000018
A1N2L9A6I686G5, -0.000018
AV97FVTK1KFXI, -0.000017
A3RJD5EC6MYEE7, -0.000017
A7VNP2A3H72JD, -0.000017
A1EKWJP8KRFYOU, -0.000017
A25XLF8H62HK0P, -0.000017
A15DJHT9VECM95, -0.000016
ABDQI3GI3UDTL, -0.000016
A74Z12LIJZEGS, -0.000016
A2PWNYM29NJ2J4, -0.000016
A2VI53GHHGRBK2, -0.000016
A1Q6NPDQ4OEKBX, -0.000016
A1VGHTDOZXOOYP, -0.000015
A30Z3BVRNUM3NW, -0.000015
A4Z86MPHGG0A7, -0.000015
AO3U2GEI4NSGM, -0.000015
A2H5ROZZC74XN1, -0.000015
A1BR3F5XNWIMRP, -0.000015
A18A9JKPZH2HO7, -0.000015
A3NFXPFK2E58B6, -0.000015
A1G2G1WHEW02TY, -0.000015
AZOX2SIK3DV6N, -0.000015
A2MWDJVGV0KATO, -0.000015
A23US7MAW915K5, -0.000014
A2LNGVYHQPGULM, -0.000014
A1JTAI1CD99Z9X, -0.000014
AIO89G136TOX5, -0.000014
AB3XJK543W027, -0.000014
A1WXO06S5WQUTS, -0.000014
A1R19K6O4IAF5W, -0.000014
A29YZTTKSQ3W2E, -0.000014
A1QSLSSWIIS7J5, -0.000014
A1ETW6FN6BJ1PH, -0.000014
A3Z1AUA74DP1N, -0.000013
A3QLGEQU6MS8D7, -0.000012
A63YB0ELFERIQ, -0.000012
A3GOEFCWETC23E, -0.000012
AMSOE225G0OG6, -0.000012
A26T7V72SVDIJJ, -0.000012
A27UJX97YF43RR, -0.000012
AMDWL7KIPD5G2, -0.000012
AY8JV2D8A80EK, -0.000012
A2I5QSVHKLF5XN, -0.000011
A3NEEBS7GLCMIJ, -0.000011
A1G6SB0FDFG9TB, -0.000011
AA56INWQK0RKY, -0.000011
A1LUZV4GV5VGRJ, -0.000011
A1MOH4G96RL54O, -0.000011
A1BE873ZZJ2388, -0.000011
A27VBMB8NNKEJU, -0.000011
A319KYEIAZ3SON, -0.000010
A2VFCUC88UKI0D, -0.000010
AR3ZPBPBAHSUU, -0.000010
A3ESX47BVF60LX, -0.000010
A1XKQX71GJASJR, -0.000010
A283FOEYW5Q2NK, -0.000010
A1WP7H0MXYV81D, -0.000010
A33PG4PZ082VD6, -0.000009
A37GS73Z3Q6TMY, -0.000009
A2416W8RO0W71C, -0.000009
A17X8OG3YEZBDJ, -0.000009
AEPLIU5PTB47W, -0.000009
A32Q5HN7RQN6GL, -0.000009
A3W2EBDIPY8OYE, -0.000009
AI6X086NYC9N2, -0.000009
A3LKELHZ584JHG, -0.000009
A3ACCH1UM0OKVU, -0.000009
A3BCOMUTI0YDBL, -0.000009
A1DIBF2T13FIRP, -0.000009
A11VH8PJ2MEHFV, -0.000008
A3AVMSIDJV3LWD, -0.000008
A3T71OQ9DK76WG, -0.000008
A1G60ANYI0HMEU, -0.000008
A1VG6YYIRDO9W, -0.000008
AT5BP7OVH92WT, -0.000008
AQXR5XB3URGK9, -0.000008
A3LDQM3GCURG92, -0.000007
A1JADFWTTDPITL, -0.000007
A1WBAQ6919P3BW, -0.000007
A1GI83PGPXAK26, -0.000007
A303QZQYO5HZ3W, -0.000007
ACXCS6NRA4EVU, -0.000007
A2S83TYNA9FR1E, -0.000007
A3SUE09UYSCJ1Q, -0.000007
A30G6Q3WKQ2ONS, -0.000007
AR8ETZLTDVJ8P, -0.000007
A15W2RHVS7L1D6, -0.000007
A1HPTOV8GP10FI, -0.000007
A1ALLZ2C7QK09J, -0.000007
A2CN1P6JJ7J3JH, -0.000007
A3N8KKKCPX8KZD, -0.000007
A18FVZWJ4RBGNH, -0.000006
AXZ6BVZ43BVKO, -0.000006
AMN5RKKFLU90Z, -0.000006
A2TLLRAWHNFV9Y, -0.000006
A3HQRF30P9UFBL, -0.000006
A17MURLSVTLNKN, -0.000006
A2I5M1X863QB8L, -0.000006
A2EZW502SEA2N9, -0.000006
AMQGC8AE0H5FN, -0.000006
A1VFENCO558LY, -0.000005
A1AND5XBFJ7L76, -0.000005
A36VNMYPXBSTQ3, -0.000005
A5FBDIZ6VV4L6, -0.000005
A3G3M94GHAJPSA, -0.000005
A3HTT401A6216J, -0.000005
A35MRD2W2M9V0Q, -0.000005
A3MF5Q9IHZR6IY, -0.000005
A1O0KPH1RH04WB, -0.000005
A1BWPKMS736AHP, -0.000005
A2WP82F8OT207X, -0.000005
A1EY7TRU6MMH1F, -0.000005
APAZPK2PUQ14H, -0.000004
AANQHZLEOYPZW, -0.000004
AGJRZA4GW3E1H, -0.000004
A11ZJ7KDGH3O9W, -0.000004
A217ZU7TX431H9, -0.000004
A10SORC6LLRCTF, -0.000004
A8NUOJQ9GQ2VJ, -0.000004
A1CVDDDNDZIUXF, -0.000004
AUVV698SFLCC8, -0.000004
A25NYC06X34V46, -0.000004
A30HTE062DH3KC, -0.000004
A249W93JNSUZ9Q, -0.000004
AMMW54QZR953J, -0.000004
A3IQ71NTVRFAV, -0.000004
A3EY9M1LU56AMI, -0.000004
A31ASDA3Z5BCYZ, -0.000003
A3F870TB5FED6X, -0.000003
A5D2SF1EMAAB2, -0.000003
A370EX6FWFL8NE, -0.000003
A153G7BHUKCI8Q, -0.000003
AR7TPFHPR8VE5, -0.000003
AMK95FEZP7HO4, -0.000003
A1P9H78GR6GN6H, -0.000003
A3CVXR5H2PCWW1, -0.000002
A2IN66QZMBXRCT, -0.000002
A1NQQ2N0GRZGSN, -0.000002
A3RHNM8T5VNYAA, -0.000002
A1JDKNDE73FLV2, -0.000002
A1QU1I8G0THMA0, -0.000002
A2MH83HHGLM72E, -0.000002
A2D86JTG0BW9US, -0.000002
A2L23BYEPDQT6M, -0.000002
A2WMD881MYFE6F, -0.000002
A376QKBKST79QE, -0.000002
A1VL2RQ4J7JUMR, -0.000002
AXTYITAKQ81GC, -0.000002
A1A65I19WWJT12, -0.000002
A3O6VJS3L852B8, -0.000002
A2A03I7HIJV44, -0.000002
A2FHKY2I3EQHPK, -0.000002
A2AHJFRKTRPELY, -0.000002
A17AQQD8K5WB63, -0.000002
A1A8JORZKBNRVE, -0.000002
A1HWGML9OCYCP3, -0.000002
AHWXH8CA96IBX, -0.000001
A13MHE5GVBMAO6, -0.000001
A3C4CUC139ELX7, -0.000001
A33HGS0F6NVBRA, -0.000001
A38WAOQVVWOVEY, -0.000001
A23N8PT6V89SL7, -0.000001
A31GENNDY669Z1, -0.000001
AWFBCO3SYHCDU, -0.000001
ASVV098DW36KR, -0.000001
AYA7OY6DKYAM6, -0.000001
A21998ZN294K2Q, -0.000001
A360EFJOE4L7IZ, -0.000001
A3RYIEKT0DPBWG, -0.000001
AJL7IRFHBPVTB, -0.000001
A1ENOAVZGXYIN8, -0.000001
AP5HH5USUJANT, -0.000001
ARC41G0OK4HA5, -0.000001
A3J0OXB9KIC5SS, -0.000001
A19CK0Z9SLC2NV, -0.000001
A33WKYJSJOOZRN, -0.000001
A14WNZ8T1YITTT, -0.000001
A1Q6LLF1BDIP98, -0.000001
A27C44BIRQH3QW, -0.000000
A2Q11LO2M5GXDU, -0.000000
A1RADTHXONQYP0, -0.000000
A1I5TOJ4Q47YMT, -0.000000
AH93HX89KVQG2, -0.000000
A196X5Y1C8FSDW, -0.000000
A35ILISZIIEI1E, -0.000000
A3L1IKXS8FMF1J, -0.000000
A6ZY59M7WOAS0, -0.000000
A2X7CQ27QJ16HV, -0.000000
A2BZ8I6N6NNGAC, -0.000000
A84B1KO7074HC, -0.000000
A70TR5LKVN0OI, -0.000000
ABK32ED0M15MR, -0.000000
A38P3P5IV8T7AF, -0.000000
A2IYD1ZFWQISTY, -0.000000
A1XMXW9OQTRNE8, -0.000000
A3NQ0PVNWRR0Z6, -0.000000
A3KKM0T1KY42HA, -0.000000
A2NVPRHU3VF05G, -0.000000
A360DPC534SN3C, -0.000000
A3HXF3GVPBQ5B, -0.000000
AYENK8JYGMT8J, -0.000000
A2YX6NB9U1PX16, -0.000000
AC8NEZHM41IW2, -0.000000
AD1QYPQT28F0U, -0.000000
AIVDDGBDF2QO9, -0.000000
A2WSBVNJNJFXDW, -0.000000
A3NVAY16BI7DAO, -0.000000
A14ELYDYX7LOFQ, -0.000000
APL2KETIYQMHU, -0.000000
AN11XFDR3CZ6F, -0.000000
AWJAEX7VFW10B, -0.000000
ALWUWI6PESIXU, -0.000000
A198DOHB5Y97TX, -0.000000
A1VMQAF4D5RTV5, -0.000000
AHDRKCRMPASUF, -0.000000
A2M9OWAU1VQ0VT, -0.000000
AP6OL1S616QPD, -0.000000
AWT5UP95WGJIQ, -0.000000
ALH32SI0M8855, -0.000000
A72WXQQQINW3E, -0.000000
A3B1ZPY5AF61T1, -0.000000
A1XTXPACCRAJV9, -0.000000
A36JDIN9RAAIEC, -0.000000
A31ACB1YA6ABOX, -0.000000
A24CTJ2DO0AJ62, -0.000000
A276CFPBYBLQNT, -0.000000
A1LSZETYVUCIOW, -0.000000
A8PZHR49KMCRP, -0.000000
A1ZNKMH8ODI46E, -0.000000
A2A97SK9GI8ZQY, -0.000000
AG3Y5UIIX6IKU, -0.000000
A3IWARBYLJFDHD, -0.000000
A14CR6A9AOGMX8, -0.000000
A17T4A75ZKJVK3, -0.000000
A2C33BCOGHV8ZG, -0.000000
A3KWRPM3DWXNXW, -0.000000
A1YA0OH6NULV2C, -0.000000
A2PDPKUHFXG3FE, -0.000000
A272QDQPLZNNVV, -0.000000
A2A5RQRIUHGVOM, -0.000000
A1S7ZJ88ZKUPUY, -0.000000
AVD4CW13F9JF5, -0.000000
A1KHOI0WVQRI2J, -0.000000
A1UR1B8MLEX5LF, -0.000000
A3MXO5BIX3RZ25, -0.000000
A2ZM0DD9ECO86J, -0.000000
AI7RXVZ0KRS3I, -0.000000
A3CAC9SWUK3WEA, -0.000000
A2TS3ASYVLBGVR, -0.000000
A2ZXTZFV5NOTHZ, -0.000000
A2FLG6P1M02MDW, -0.000000
A19IIHI8GB61CV, -0.000000
A1KOE4AABUO2MG, -0.000000
ABTJL6RM42YEI, -0.000000
A10Q1QIHVXKT8M, -0.000000
AY1B3M3M4WC1A, -0.000000
AG8VYDW8FCDIR, -0.000000
A2P6RU7P6O1NW9, -0.000000
A3QCK1EO62XSND, -0.000000
A11V85TH6QDXEH, -0.000000
A2ESI8PZ7N4ZBR, -0.000000
A3EH0O05YNABWG, -0.000000
A21L3P1DFZ3T8I, -0.000000
A2UVPDFQEB8Z9R, -0.000000
ATGAKZ7VZBMUD, -0.000000
A1U8FSIM58TXFN, -0.000000
A1YCTGX6A6TPTB, -0.000000
A2AMU2D350BAOF, -0.000000
A1ILANU80CJWTX, -0.000000
AW6AFZZH66H5A, -0.000000
A3HWV1UB2MAX7H, -0.000000
A3JOIU02PSJ4XI, -0.000000
A23PF0J8IKZHKI, -0.000000
A3T8RQO7MS1OI0, -0.000000
A2ZXT6MSWISDXT, -0.000000
A94EJ4NMTPHT0, -0.000000
A2TA37C7P7711W, -0.000000
A2RK3LRI7VKKCF, -0.000000
A17HTZ4S9NUZ93, -0.000000
A1ETN863U836XZ, -0.000000
A1F0HSH4QPP4XH, -0.000000
A8VP6U6IE2GT6, -0.000000
A2L9028WTVFL1I, -0.000000
A3UPTWOH5Y4SD3, -0.000000
AYEUJD35CBU7D, -0.000000
AQRODCIYD7PYX, -0.000000
A30QYHMGSDGI0J, -0.000000
A3OMVQX7DY7Q8H, -0.000000
A21V2QODUYH7Q8, -0.000000
A39K3CON02CFF2, -0.000000
A1GORGFZSLFZRH, -0.000000
A2ZTQGLCU3LU74, -0.000000
ACF0C7ROQGC9T, -0.000000
A3AFF7O5DLCW2Z, -0.000000
A2WA17DG7P1UU5, -0.000000
A2ZUV1B4BWXKSZ, -0.000000
A3UX6QZBMHQMBD, -0.000000
A1VB07GBC3OLB5, -0.000000
A382E0TCKN5TKJ, -0.000000
A3VZITD02OQCC4, -0.000000
A2FJEDSS97U6FQ, -0.000000
A20SOJHBIN8L22, -0.000000
A2RMLR3PXZG2G9, -0.000000
A2CK1FGN997YZ5, -0.000000
A3VGPIDQFDVLG4, -0.000000
A3Q85DE02HMDAZ, -0.000000
A2GITA2HBW90VP, -0.000000
A1SKDF4LNR79ZZ, -0.000000
A33RYQI4LOARF1, -0.000000
A1ZQP22BB28R02, -0.000000
A1VFA7BBBYL0LX, -0.000000
A2D3QHRJ26AZ08, -0.000000
AIUQ25LZLYSJR, -0.000000
AZ9QKY75KO9NW, -0.000000
A3D8YWC5M2MDV, -0.000000
AZXLJE30JHZ0Q, -0.000000
A1KPQQXV7G8CLK, -0.000000
AM2DM87SC3K50, -0.000000
A23I5KTWELW9XN, -0.000000
A2PXLY4RJN3N4L, -0.000000
A1JEY42M785KI7, -0.000000
A1WW0DODP4RS8V, -0.000000
A2PFPT5QO28E1Y, -0.000000
A3FRPRII69O8GM, -0.000000
A1EA3QWLRO24X8, -0.000000
A356TMH6DQFT2E, -0.000000
A1PXGYUNXFJH1W, -0.000000
AV03AG7NZN5P8, -0.000000
A9TFKOQ57V1QB, -0.000000
A3DDFG67CTADLU, -0.000000
A2CG5T4H5CB3IO, -0.000000
A1U37D8Q1ZQGFC, -0.000000
A3N8FQIB7MLVGD, -0.000000
A1TGUV7508AXPV, -0.000000
AMKEJ1FF975P5, -0.000000
A3841OH5SMWSG4, -0.000000
A9GCVCVO0DLHL, -0.000000
A3SO3Q36EC3LJO, -0.000000
AO32YS0Y3DNEG, -0.000000
A4PSED6S1YSPI, -0.000000
A2KA3OSWQIO67I, -0.000000
A1A0UP9WW8UDDV, -0.000000
A6IPFHDZ6L6QA, -0.000000
A278535AIRIJMV, -0.000000
A3TVJ0KLN97OHU, -0.000000
A39FP3XLBS5WDA, -0.000000
A1GQGYROVZVW49, -0.000000
A5O4BU663WWN4, -0.000000
A2SIAII5UIJMPE, -0.000000
A3NM8FRJ8I1TES, -0.000000
A3Q6PQXLSALUNL, -0.000000
A12IK7V7UQJSJR, -0.000000
A3L8EWT1CFSPT1, -0.000000
A3U26BJ7JM24OR, -0.000000
AF7N69P6NYZB0, -0.000000
A1KZ8KEBD4FONY, -0.000000
A14KF2FEEDGNZ9, -0.000000
A39A4SK0XWY618, -0.000000
A3RD5YZ4LQ9T09, -0.000000
A33SF0MD1XMGZ, -0.000000
A1FZ07KUSFGJHZ, -0.000000
A31W8FU7NLL4ZF, -0.000000
ASFJUWKRT16VF, -0.000000
A2HHOVAKYWQDWK, -0.000000
A2FLP1M2MP0NYK, -0.000000
A36CJ8DWTDIYRR, -0.000000
AJTDFI3ETE96O, -0.000000
A1QB2Y8GSME58Y, -0.000000
AMEI4V56ZKRH6, -0.000000
A1GEMT7FSFKPDD, -0.000000
A2MHH4FWA6B6FV, -0.000000
A3260JI5EH8K9K, -0.000000
A1EX90COGDTVFS, -0.000000
A1E60FB859D8I0, -0.000000
A2AGN90V9OIZB3, 0.000000
A2T90OFSZ5QVE8, 0.000000
AIS5E4AT749TT, 0.000000
A3K866GG5P9OBE, 0.000000
A3K5VCMJQXFACG, 0.000000
A14R86XDLX34EK, 0.000000
A36C9DYRKYZI3C, 0.000000
A8WWKP4IPMD7, 0.000000
A9PC5HJNGD22D, 0.000000
A2ZMQA8Y0X15J6, 0.000000
A33NFTZQ9JXUO1, 0.000000
A2EPRB513HYKV8, 0.000000
A2BCNCXJYDWP8K, 0.000000
A1BUQFI9H7CKTD, 0.000000
AQNLYAL5S0JXE, 0.000000
A10T2H6N4BDQ7I, 0.000000
A20X23WJLV4R5X, 0.000000
A10TCTBUQRY3RC, 0.000000
A3W3Y1XEAMH3E5, 0.000000
A2XMKG6KFSTB16, 0.000000
A1TB6EJFXJDW12, 0.000000
A1BIKR7276I3RY, 0.000000
A2817AWABAP3RC, 0.000000
A12UJLS5ER4TNM, 0.000000
A1GGE62MH8TT5P, 0.000000
A30F5RIFPUILT7, 0.000001
A16BX5YGVLJEJI, 0.000001
A104NBZOSZODEQ, 0.000001
A1U029L23OT5KY, 0.000001
AWNEZ0XD0AA7R, 0.000001
A34IGT75VWLWRK, 0.000001
A31RUYXY50FDYG, 0.000001
A32AVBIWE6EB7Y, 0.000002
A1X93ES4DITTWK, 0.000002
A3BD5B8Y8MY25X, 0.000002
A1IX0NC997O0NS, 0.000002
#oc-R3HMF6ODAC2R4, 0.000003
A36W2QCMYHOJNP, 0.000006
AL7LDDJ04Z18Q, 0.000006
A35SWR34V2DW13, 0.000007
ABXSD4BQPXYZ7, 0.000007
A3VD7LHZAHL9D5, 0.000008
A1RCLICH0OO12, 0.000008
A3U282TBAL40C5, 0.000008
A1SHX777NCRX1C, 0.000009
A35R4H6CQEUIWV, 0.000009
A3PKD2GXWBP7W2, 0.000009
A3J4NARZK4Q4PX, 0.000010
A2N0XGXKS9KTCK, 0.000010
A24YC7UQIJSB2A, 0.000010
A3DOPDVABCYOBF, 0.000010
A3Q9WIQGXQOP8U, 0.000010
AQ73BMYWH1EM8, 0.000010
A2790K9EKR648Q, 0.000011
AFWQ2N23IJAA2, 0.000011
A3U49XASTND0BK, 0.000011
A3DGRDI709BJ4C, 0.000012
A1FPPG4EYZPG9J, 0.000012
A2M4IEB226991F, 0.000012
AJ6UMAVDAYXG4, 0.000013
A1DZUOV5K6DNOE, 0.000013
A20G52WOH7Y5M8, 0.000013
A2B9PC1MG8IVFE, 0.000013
AOXT1R95GXUKS, 0.000013
A1CPOJQATL4F1Q, 0.000013
AQGPU024J69ZV, 0.000013
ASTKE3NLOONRC, 0.000013
A3NGKY50YIK8VQ, 0.000013
A1AB3XXA6BEIT4, 0.000013
A2NAPBVCV7P4PM, 0.000014
A288V3U2VACS1W, 0.000014
A1KNF8V0TT4LW2, 0.000014
AJKVDZ11RPMTP, 0.000014
A30L4Y3Y16ZA73, 0.000015
A2COX292DY99BE, 0.000015
AJQXALOCJLITB, 0.000016
A305V2I73XDWVI, 0.000016
A245YDWC2TI9NM, 0.000016
A2HADFGH442QE7, 0.000016
A29Q7KGT4I9LFS, 0.000016
AISZOSCBDJOCP, 0.000016
A1CHH7M2J6SHA5, 0.000017
AQFIH82DRPMW, 0.000017
ATFA4TVG4C8HU, 0.000018
A1DRVNY1LSND6J, 0.000018
AR3W7J6L7HFDJ, 0.000018
A3EO7N1F1NPF64, 0.000018
ANI0YT3A6K2M3, 0.000019
AW2V6X7C483BD, 0.000020
A3CAYGHAY1ELWX, 0.000020
A2COWD06RSO159, 0.000020
A3I9L8C5HNTVJB, 0.000020
A3DKY21BKQSWX2, 0.000021
A10SJ9VQFNFM73, 0.000021
A3GR1W9KZ62MTJ, 0.000022
AGS7K2HZEVTHG, 0.000022
AFO5O26ZO244A, 0.000022
A1HZ4TUPLQ1ZEA, 0.000023
A4PI4DZJSVF6Q, 0.000023
A258FXO3O8EQQE, 0.000025
AR2WGD3T07EXR, 0.000025
A1CF1EH4GG3R7P, 0.000026
A259RT344AJJJA, 0.000027
A1C95CZFPWAGMF, 0.000028
A3PVQGDJCOUZD1, 0.000029
A2ST78JTMA1OUM, 0.000029
A2ZBP8XHC3SHNW, 0.000029
AT0J9IP8XD95F, 0.000031
A233ZW9QRXKCT4, 0.000031
A3E9OJWHMXMYYF, 0.000031
A24KH2LLYGFSTP, 0.000033
A3A84PZSD9J6AL, 0.000033
A2QG4B0FCPOGW5, 0.000034
A6L6ADVQQIFLL, 0.000034
A17HFMUBV1AOGJ, 0.000035
A32GAHCZ43R7NP, 0.000035
A13BOAPJ00I487, 0.000035
ATZ318UY72KZ0, 0.000037
A3LY5F58098WPR, 0.000038
A2NBVE6CVHFIY0, 0.000038
A3TJ7A7FO4GM47, 0.000038
A15H73KHFVDRCW, 0.000038
A3E68E8YZ6E6FP, 0.000038
AF7DZ97VNSEWN, 0.000038
A14TUWXDA5WQ7W, 0.000039
A13SOXNMWXQVNU, 0.000040
A2RIX3T3I9AGC3, 0.000040
A1ADMN7EY9STCO, 0.000045
AIDL4DGVARK25, 0.000045
AJ0KMUCSHSSMZ, 0.000045
A1FCHO6MJVHMN6, 0.000059
A1B6M8AN0RSOWW, 0.000110
A3KLTB208G77TH, 0.000142
A18CWBL4WXMT96, 0.000144
A2UVNVMHBH4LQ7, 0.000259
ANEKPEHODQW3R, 0.000376
A1OXGA8F2SP7PJ, 0.000404
A38JCPML09ZJBF, 0.000407
A1MMTCL1JTBR6K, 0.000508
A3KTTW7UVZ8WIA, 0.000513
AWBGHDHH7E51F, 0.000787
A3NQTNQ9W0XF1K, 0.000806
A33AMRSCWG7E1E, 0.000816
A2BRIUCEREQMSZ, 0.000864
A3L2742VEAZ7R1, 0.000935
A1VY0DT9IKMX54, 0.001048
A3B6FOHAAOL7G3, 0.001104
A1ODKP5Y7DPMM1, 0.012622
A1LZJZIHUPLDV4, 0.012832
A2A9X58G2GTBLP, 0.013056
A2RN5EQC3F75PJ, 0.020001
A21ESVL96WF620, 0.021106
AUICIB1WWCAQ7, 0.021595
A3DA0BTIGT3WG5, 0.021699
A29JUMRL1US6YP, 0.022518
A1MUQUK1M4UK16, 0.022984
A2PF32UUERJXB8, 0.025367
AF42HX1CY5TTA, 0.026222
A3R1D7H3PIFONU, 0.026263
AZ4559S8F5J4F, 0.028305
A29SDTTPMASNVN, 0.029014
A2SA6LR78V49UV, 0.029438
A3SLPC4WE0HVAV, 0.032175
A2YG3SRC8AMQ6G, 0.033531
A2245BFM3BFKA3, 0.033790
A1HXWVK7RKR4D2, 0.033791
A3TR1OAI4BZDZJ, 0.033797
AWE1OX5KHTOAM, 0.033809
A2GR7SRMJ54RG7, 0.034476
A27L4C6U6CE778, 0.035581
ATUNQTRTF2285, 0.035587
A3L11WCNJ40GZJ, 0.037592
ARVQ4KDMT0FS9, 0.037594
A27E9UIO2CAOT1, 0.037603
A80FGKFCA5SUL, 0.037610
A7RSK5VUN9BH8, 0.037613
AB4SFDDO5DT8P, 0.037654
A3KSXW1MF1GRHQ, 0.039021
AH6BI8F3EE6K1, 0.039083
A2NQWPJ8EBWM3L, 0.039952
A18NJ23KZ9LBOV, 0.041027
A16V6Y0BWZAGNI, 0.041064
A86BC3J6G60UC, 0.042580
A26ZK8QFWXN859, 0.042599
A20EEWWSFMZ1PN, 0.044711
A2NOZB6VZCTOI4, 0.045660
A2N5YX7DLGPG3K, 0.047420
A449LQ4ETONNA, 0.049406
A3HERBT8W31BRJ, 0.049453
AHNQ1JNX52P01, 0.049462
A1C05TSWTI3VZ5, 0.049462
A3NEAETOSXDBOM, 0.050397
A6GMEO3VRY51S, 0.051554
A1HWU6AM3NH0UE, 0.052488
ABLOQZIL42W7I, 0.053538
A1J1QS7I60O018, 0.053941
A3HRF2F1UAH7L4, 0.053942
AA5C0W51O2DIV, 0.053969
A1C9WVCEU72PJB, 0.053994
A1NS4SJZFYMKMG, 0.054024
A88USYRFGDUTK, 0.054461
A1SYLII0808HD6, 0.057035
AU2DAD4WD5Z0C, 0.058961
A25PM9JGHPU8EI, 0.058968
A5A3C6XVDYUND, 0.058989
A3S9DOTT4Z8JF9, 0.059614
A3QG0SFKRTBLAQ, 0.059650
A3MLOUYSAIGOFY, 0.059652
A1VE1GGV2HDPG8, 0.059655
AYL9YUOBCDG5I, 0.059656
A1E7AIEUMWTQNQ, 0.059660
A378I9YIPLBM1G, 0.059665
A1IMAK5D9XJJO8, 0.059667
A1N7BFJSBP75A8, 0.059690
A3M6RVUVZOQZLB, 0.063021
A1ZSJNSRZCNCS1, 0.064298
A2843500EKO5YB, 0.064298
A257BBBDKZFJZO, 0.064302
AUCN1M7NPIHX1, 0.064424
A1GVGQGWK8HI03, 0.066916
A54LDOK42IASU, 0.066936
ASJFXH2AMXARJ, 0.066977
A276CP93GBVM9L, 0.066986
A3E7354539PAJU, 0.066990
A3PO3YRFX4BI2J, 0.066992
A2MOWQXE6YLA7C, 0.066994
A3CTQNPZO7ZBLP, 0.067016
AFHIOZC7DNAI, 0.067304
A2WYP6MZRK4G4A, 0.067633
A3GRN6J64F2C3X, 0.068723
A3TS0VFS4WSE7Z, 0.071074
A3NXCL9NJTL3TF, 0.071086
A20AZ60KW8ECZM, 0.071091
A20XKFP1MCCBOQ, 0.071138
A2P1O2B865EBI3, 0.071179
A22BPC7LRSGSYQ, 0.071181
AEIYDQ5P7FHGY, 0.071208
A3LH77PBDFEO3F, 0.073240
AI0BCEWRE04G0, 0.074384
A2CMHIZUH6ZMQT, 0.075072
AQQ79QLD9K4OF, 0.075187
A1KKE6VX8VPWZK, 0.075215
AUW5XC67E9MIL, 0.076082
AO8F2P769YIA9, 0.076933
ATY5U6SNN1JCB, 0.076940
A1J93EGDYK0IWA, 0.076941
A1ELW55VCZ1BVB, 0.076941
A18RTNWQZDRB2L, 0.078749
A13AESJTNAVD1C, 0.079570
A1IP04QSYWO4TW, 0.080698
ACZA62F9MWNCS, 0.084896
ACM6X1Q9R2K81, 0.084946
A2FO8KY6GGUZ3P, 0.085087
A22H0NAS6G66ZI, 0.085184
A3NTWDBZUS2ZQK, 0.085984
A3UUTDX2WNVUS3, 0.086314
A241HDIOHZJRBR, 0.086752
A26Y776G7VVBCQ, 0.088336
A1Q7A78VSQ5GQ4, 0.090141
A2D72VZ2YNPSFG, 0.090665
A1TULPQCXFXAE2, 0.091406
A1RLGLP70NMFYC, 0.091436
A37I6B2ZCDFIQX, 0.091446
A3OGSHIDBLCU3G, 0.091446
A128AAEK8YN0LE, 0.091449
A2Z4SALHGEO62C, 0.091455
A28J3123I1QDKI, 0.091459
A2LSBXARAF7OOX, 0.091462
A11V1NUWQTX5KG, 0.091462
A2ZE06ZI0MF71C, 0.091462
A2IJ7JFHB94EKX, 0.091482
A11PMACA63EH72, 0.092278
A2K4Q4I8MPUMQU, 0.092283
AWLK6NSSV0YNA, 0.092554
AQ52JX9ES6XYY, 0.092916
ADAASOYZ1TOMW, 0.095737
AZV26LP92E6WU, 0.096886
A1XGFW5016CGQI, 0.097489
AO0HPTFIKQE9B, 0.098230
A3OXRFCJI67IMN, 0.098635
AGFFF8TSKHJ3R, 0.098807
A2QVVNPG3CTFVR, 0.098835
A3NAVE6XO1FAHU, 0.098945
A2SS44O400KIZ7, 0.100083
AXVNVV5VH5XZY, 0.101322
A3CPU6NZNKB5JA, 0.101389
AI5SG3N6F0RMN, 0.101402
A3930X480VRR8D, 0.102316
AZXKAH2DE6C8A, 0.102668
A37T8V8TLYVIXQ, 0.104895
A26LO3KVCC5ZGQ, 0.104913
A30HHGQ1P5OXTZ, 0.104963
A3VKBFC5K2INR4, 0.105745
AT6D3Q62XXXSB, 0.106689
A2JQ3SEXKF86TF, 0.106757
A1RECBDKHVOJMW, 0.107853
A2N3BRPS0NS7FF, 0.107884
A1QFM9CFEUXZK5, 0.107914
A2FO1R8FB6BLDI, 0.107963
AHQEJUMCMZGTB, 0.107982
A316RLHHO9Y24T, 0.107997
AL4EMTKHSD91T, 0.108034
A1U8VI6I2MFEU8, 0.108909
A178DX34IA85M1, 0.111659
ATKC23BG2B0R7, 0.112840
A1YDQ8I5KVNF8P, 0.113145
AMX0PJKV4PPNJ, 0.113577
A6E9IIKU5KPUY, 0.114248
A3ENN12GLNTUAF, 0.114318
A2II09GQGWOMTQ, 0.114788
A1TIVD0Y3KJSCN, 0.114936
A14RB3WBO7RGCF, 0.115135
A1H98XOZZDAAGL, 0.115358
A27NMQL6AD7D13, 0.115368
A3JHZ1O0CWREE2, 0.115385
AFZVLC07XD0M7, 0.115388
AO948VPP2SMJ6, 0.115392
A1C8RYQYYQAPA3, 0.115397
A3FYSIKTS8ODIG, 0.115398
A3ES3MNTQFVTYY, 0.115400
A361LFHSJ9G09G, 0.115401
A3RCDQEGJRTEY4, 0.115403
A2I6VAIAGS3KYM, 0.115403
AII0BS4SHLJYR, 0.115404
A35CSDXCHC44SY, 0.115405
A1Y5YNG8ES5IJA, 0.115408
A1P481H13Z45HY, 0.115408
A3V5O2TROCIJU9, 0.115409
A2JBDB9XE2A3GS, 0.115412
A29M9GR4I6QKJ, 0.115412
A37I5TT80YOCMF, 0.115412
A2X96RSSCVYKCR, 0.115412
A1JD2GXVKK2VCW, 0.115412
A2V0387TN0IQW1, 0.115412
A19Y3BY1604WBW, 0.115412
A1NZ0E5CLJ5141, 0.115412
AAUV4LG59M8JT, 0.115413
ADEY0TI1X6H05, 0.115414
AM917OVTQ63WK, 0.115420
A74SHV5ZD3RLT, 0.117838
A1KXONFPU2XQ5K, 0.117863
A3VDQD94VOMAXA, 0.118644
AX04H2SPKO02S, 0.119315
A3QX06FASM6U5, 0.119316
A218J1WI08045B, 0.119506
A2NXPEVPFAYN1Z, 0.119734
A3UPYGJKZ0XTU4, 0.119737
A18OUQEK7IZ2F2, 0.123267
AYB4ELCS5AM8P, 0.125285
AQ5DOLCW77FEE, 0.126705
A39ILC0QR4E09L, 0.126722
A2FKVOV9422KOS, 0.127201
A2PSC7LUNIDEAH, 0.127387
A1VI3X4BG4PMQC, 0.127639
AWZR0O65DL2Q, 0.127819
A26NEQFG6FIBXH, 0.127826
A37MH7ICH80QOX, 0.128023
A1P2FJK2MOJ8IN, 0.128725
A1IBKN1GXYJ3K4, 0.128816
A2OOQMIYF8XQST, 0.128828
A35A5S6H1WROO6, 0.129554
A1YGCU0QQKZC29, 0.130170
A1Q8QT6GOH6SEX, 0.130281
AJLW1DZSHOVGW, 0.130867
A3QDITMY3OOYRP, 0.133570
A1GALZCXD8FHOR, 0.133889
A2HN943685953U, 0.133946
A17JVVAKWEB0M, 0.133969
A13R044K5G5TGG, 0.133973
A1BHO1VYDTTX1, 0.133978
AH6P5QSUQ89JC, 0.133980
A2FFOEFUUQ0NTW, 0.133982
A1IT2GZS6N1Q4J, 0.133983
A1PBNQNVVDECNW, 0.133985
A1B2HCS03AC5DT, 0.133985
A257TD5GO1T81W, 0.135002
A39NGYK97FBZM3, 0.136403
A52X1I4UT56KL, 0.136546
A2D7PWKNB7A85O, 0.137021
A2YEZ8Z3BW2SKG, 0.137170
A3MFU0GVZUVH3K, 0.139037
A3PSVI1D7LQ4GN, 0.141492
A2RFJYQ08USWOG, 0.141509
A2Y8YFXEZWW34Y, 0.141587
A2B7BUH8834Y6M, 0.142155
A32VP23GRB2UZJ, 0.142297
AOXMSGH15FT41, 0.142317
A3RU3PJ3NUCN2J, 0.142320
AQF2SMXB950D9, 0.147324
A2NAMA6YGQGPSM, 0.147427
A3LM7UU3BRW5X9, 0.148352
A28J1BTDYVPKHG, 0.148356
ALBMZQVX4OK18, 0.148369
AENLD33KQ6MJ4, 0.148372
A17IGFR37ISWPL, 0.148372
A15I9CMS42U490, 0.148424
A1421EDED1JI4I, 0.150177
A3FBC2AVXDY57T, 0.150314
A2E5C8TTAED4CQ, 0.150324
A1G44WBRK9UNI4, 0.150356
ALJ77PYM7D513, 0.150383
A30WPXO5NXEREW, 0.150409
A1B6SIX2I161O9, 0.150427
A2C5Z6F97S4X82, 0.150433
A2OEUROGZDTXUJ, 0.151043
A1L4RDILGM7D9E, 0.151315
A3LV10XVH0NFBA, 0.153244
A2G95XU4Z814XG, 0.153786
A3N652JFUS0GGJ, 0.153797
A3HM6NU94LDALK, 0.153804
A1BET7AUXYEHCJ, 0.153858
A7GXT5V1VL5UT, 0.153872
AC7HVVJVLORTQ, 0.153874
A2D1OUM1P2SK4M, 0.155395
AXQIHSF9KK7CO, 0.157403
A56SHVW3WRHNG, 0.157508
A1285WENLZXDOR, 0.158914
A2HCE1UR9PSLWI, 0.159674
A2G7B7FKP2O2PU, 0.159906
A14Q5D3QYA8FPV, 0.161013
A130VGG4P4PW5J, 0.161131
A3UVTS6JPKW0GX, 0.161962
A1W7BIVI3O46Q, 0.161983
A1C4PZDQ84I9MA, 0.161986
A32D3SIQGJX2SV, 0.162023
A1T61QP7QHYBRQ, 0.164038
A28QTVEFQX6Y9X, 0.164378
AKMEY1BSHSDG7, 0.166714
AF72GTWZGAC61, 0.166973
A2MNB77YGJ3CN0, 0.167262
A281NPSIMI1C2R, 0.167621
A32R0HBCV9FCJM, 0.168756
ANWBTNWFJC4FF, 0.168757
A2ZGHESQDCI77M, 0.169001
A3J30T6XOU0BWS, 0.169815
ARAR3323ICNLF, 0.169964
A2HCKBBEXELJ3R, 0.170283
A2LYRRWF5UZ2WO, 0.170389
AB094YABX21WQ, 0.172755
AY3XPKRAMKKY7, 0.173553
A3IUW081KXD3PE, 0.175759
A3V1A3C9DTLPME, 0.175800
A2EYQXB9N8ZWRW, 0.176561
A165Q8QLQB1BEE, 0.176854
AY54QSGO3KWEM, 0.176892
AF3EWORDT15AU, 0.177401
A21YC6U1S1DPDQ, 0.177811
A39MB61G68XLS4, 0.177918
A1CBNUBPZPWH5D, 0.177953
AKK49Y5DWSEND, 0.178301
A9SJ5ZT9924DB, 0.178973
A10IMQHW2O2EO, 0.178981
A2N56Z6B6HV1O2, 0.178993
A1MC6BFHWY6WC3, 0.179746
A1080SE9X3ECK0, 0.180490
AMRMK86X3PKXD, 0.182091
A3QJQQZTKFV7BJ, 0.182529
AUCEUTMJBY8MP, 0.182886
AF9J0OKO8HAQ0, 0.182895
A10WADJPSC3KG3, 0.182896
A29B2WW3SIG9BZ, 0.182903
AKYYV4PLEJRJJ, 0.182913
A2ESJXC3CL14WC, 0.182916
A2YM3KILJ1G0YJ, 0.182918
AUYT2H281GPNJ, 0.182919
A1V3T2U0NR30Y6, 0.182920
A1DB5QPH7WO488, 0.182920
A2WBH4ZM4J8RDK, 0.182921
A1EWX4CMJ7D7KX, 0.182922
A106LXLCVW4Q3R, 0.182922
A3CHMZH97MKWKX, 0.182923
AF0SQAE3XWU8B, 0.182923
A1YP5WLIHGG136, 0.183182
A2UJ1ER66OL2YL, 0.183313
A2U8CXFE06D663, 0.183318
A2WHV0YLBOK0I0, 0.183992
AZ515FFZ7I2P7, 0.184648
A2IUBJJBH9PF9R, 0.185492
A3FKPBNI7UWQFW, 0.188918
A2TPM6XC32QPW9, 0.192688
A3W37DL6P9WZHC, 0.193055
AIIR8E34EDKCQ, 0.195627
A28Q0JA9H8WZOD, 0.196052
A1WV25LU9QKGDZ, 0.197201
A3PU5ECUMTNV9P, 0.197729
A3UCN2RGY7O6S1, 0.197737
A3P3U42S4A2YHQ, 0.197806
A16459DAS8ND87, 0.197856
A1115ST6F5CWYP, 0.197859
ANCA2DJU6I6D7, 0.197879
AJKN1OQ368JGH, 0.197907
A2K4ZBXN90KTKJ, 0.198025
A2M4U5L2AW8PKF, 0.199596
A23V7QUI3SFJTV, 0.199609
AUABJ7HTC0CLK, 0.200948
AH8NYD41MAT61, 0.200970
A2BMFOZSEXR9OT, 0.201533
A18SNZN6Z16NCV, 0.201977
A1RKGR4GBD56E7, 0.202678
ATLZNVLYKP9AZ, 0.202718
A3JZNCC3VX1AAC, 0.202773
A75Z4TERB8Q7M, 0.202776
A2T3A1GCYVJ1XV, 0.202812
A383XURHVF8ON6, 0.202953
A3M8R4JD1SIS76, 0.202953
A30H2335OM7RD6, 0.205130
A380S0FSWNY6QK, 0.206344
A1DJ9FOEOA0WF1, 0.207003
A3M174IC0VXOS2, 0.208715
A2DI7UGT3YX4Q9, 0.208760
A35V32HZEGZH04, 0.209573
A2FE2YG8W9G8UW, 0.210052
A58N07M0ZCYMB, 0.210624
A10TYGME2FQHO7, 0.211006
A3EPHBMU07LZ50, 0.211345
A1KT19TDP9VE63, 0.213616
A1H4NF2OI9P8P7, 0.214280
ACYR6O588USK, 0.214390
A3DRCZFQNCC4LW, 0.215239
A2IIMX1CS0TIE9, 0.215400
AJ4N1F0LLV4F3, 0.215413
A1TNK6MP89YXY2, 0.215423
AF7KVFTGUBK98, 0.215766
AU71C61OLQPG, 0.215984
A12D1W27AMNG7O, 0.215986
A1YR1PZNFVRFZG, 0.215991
A1QSS9BLNW3RQ4, 0.215992
A120JZI582VFIU, 0.216001
A3VNHKZYCO45X7, 0.216001
A3S459EHZONQUI, 0.217782
A2DYMDOAJURO5F, 0.220531
A3GGXJD0BMJ2W3, 0.223254
A216NSW58Q3SCJ, 0.223339
A2OBDNQ5ZYU1L8, 0.223409
A1G9J1LJ6K5501, 0.225422
A2DYSR56EFNYJX, 0.225680
A3MIMSBVMYPU05, 0.228623
A1J92I2HPUPAXT, 0.228624
A3BVN2QBNPBHCR, 0.228656
A1HBC0NBQJHT7X, 0.228696
A2LIPLT5LJTN5B, 0.230019
A1Y5WZCPXT76F, 0.230331
A3BLEFSUUIM3HD, 0.230745
A2R9FBLLQRSRLX, 0.230780
AXPXRVIJ0MCIF, 0.230781
AEQOHG2V96PYI, 0.230797
A1HI4GHMPIQ5YY, 0.230800
AFVF6MM3UN44N, 0.230803
A2A0QX3Z3WTU8C, 0.230809
A12ZACETZQRA2J, 0.230811
AC5HDVL4R1HPT, 0.230811
A33XGXSC6K5VWQ, 0.230817
A2FEG0BD3XF941, 0.230817
A3FU9DEQK8GFJM, 0.230817
A3OFI0WHI6XW32, 0.230818
A2UEPC8TKR5YX7, 0.230820
A3UTK9FHYS23EW, 0.230821
A2AB39AEECUTEC, 0.230822
A2BBSKYUOY02V0, 0.230823
A2T9LO1LA6VC4W, 0.230823
A1R4FNCN368HJ8, 0.230823
AYFRMAYV4RZ6V, 0.230823
A15F59VG746QRI, 0.230823
A22CQ3Z0O0YIYW, 0.230823
A28L0ZAAPBFCNQ, 0.230823
#oc-R2CIG5JYXHVPEE, 0.230823
AVQ6NL84RH3WS, 0.230823
A1B226ZPOE0KSZ, 0.230823
A2E3SQ2J7AB0JL, 0.230823
A3O754Z8KZDYRF, 0.230823
A3VQ9K1V0Z76I1, 0.230823
A2J5MKMYFKO0ZB, 0.230824
A3RLS30LZ10PK9, 0.230826
A1JUGIQDY6UYSM, 0.230827
A2AQ2JKS7NTGQT, 0.230831
A3S83AZ6OEY0YX, 0.230834
A1EVH75X40MMFD, 0.230836
A2IGRTQZXLRTS7, 0.230836
A2F0PCVFFG3PQZ, 0.230985
A1BVE2ZIBKJ7YI, 0.231242
A2FS9CYCWC6HLW, 0.232120
AJCK6OKNWGIYG, 0.233537
A2GOE7ITDGYVE, 0.235318
A34A2SK45Q1UAO, 0.235844
A1PAGHECG401K1, 0.235846
A3UBDVOL5UDIIB, 0.235863
A3KT85K6QPMGSV, 0.236135
A3GF0GES2U2V19, 0.236247
ACJT8MUC0LRF0, 0.236495
A32EOHLFZYXJEP, 0.236753
A106ZCP7RSXMRU, 0.236783
A2R6RA8FRBS608, 0.237506
AFAPAQFCEYVNT, 0.237965
A1QQMZNOXGQFPJ, 0.238596
A1Y82GMMVWQHIZ, 0.238629
A3GTNVV1IM8KVE, 0.238661
A169G2DYSGDBEL, 0.238667
A3J56VQ11MKTJT, 0.239420
A3D6TFYRMIV3ZL, 0.240359
ALSAOZ1V546VT, 0.241605
A1US7D4TJ492TO, 0.245560
A31AS7L29JTV6H, 0.245603
AY50S2HZHQO2Q, 0.246187
A1804Z5697O7SX, 0.247295
A16Q1LYIDE2WDZ, 0.247300
A3MQ672FYFNM7B, 0.247302
A101EVFXW8G49L, 0.247310
A3H7NPNDMGLOU4, 0.249024
A3T1LD0C65QCWK, 0.250555
A1KEK09ZA6J9P8, 0.250695
A31W55J90T8NFF, 0.253162
A59128KLN4BQK, 0.253201
A2GOTW3U8IIR7J, 0.253228
A1QIXPV1XB7GL4, 0.253408
A1PB97BLMR9X2S, 0.253827
A3CF21PXZHTEDJ, 0.255587
A997MBOWKWGRJ, 0.255590
A3P1T03UHU5QZB, 0.257633
A25C5MVVCIYT5D, 0.260282
A2AOD7254MCKSH, 0.260466
A3094EPI56GKZ6, 0.260981
A93LBTV617ZVC, 0.261025
A7G9M0IE7LABX, 0.261149
A2QTSZOFJDM8I7, 0.261861
A2KWAK0GAA8IBW, 0.262527
A3OJX18B60PJR9, 0.262753
A34KO3JNKTZU6Y, 0.263276
A393F381MA82AY, 0.264415
AWKZAUC0D8DYL, 0.264883
A3FY3H6F4249E0, 0.264977
A1BDMSJDPX5MDF, 0.265260
A2E3WMF9RWW2X2, 0.266101
AKY1HGHJYUQE8, 0.266880
A2G9M92C9FBUEP, 0.267101
A1PW5K0ECIPQAC, 0.267859
A3Q06OYFE777GF, 0.267862
A9QNCVYL8P4KU, 0.267869
A3QMCG66BWN1TZ, 0.267897
A3EXW4HNYX7HF5, 0.267930
A3D0J18LY62I06, 0.267932
A1QWO0D7H7PNZ8, 0.267938
A1UAZ6MNSZKB7G, 0.267938
A2SUWSNZP5OJ7T, 0.267943
A14R9XMZVJ6INB, 0.267950
A1GB6K7PQA8DN5, 0.267954
AOVTW977JK338, 0.267959
A1PR7UDVQ8QSFF, 0.267960
AM45SEDUILCHI, 0.267960
A3FIBCSCXXZ38G, 0.267960
AYQWQ83PPCX3O, 0.267964
A1UE15X3SNLJ57, 0.267966
A3N4CANP6C186O, 0.267976
AC57NCZZMO67O, 0.267977
A3NIA27T3QOFOV, 0.267978
AEAMYMY5HS324, 0.267978
A1X37RPYOJLQXS, 0.267978
A4LSU7HVACTB5, 0.267978
A1WI1745ODFQBQ, 0.267978
A12Y2YEYK7VZSW, 0.267978
AA30KAI4RI6AT, 0.267997
A14QF5DLFBPCF8, 0.267998
A37MBQ4ZMVJ8YZ, 0.268004
A1SQ7NX5805BXU, 0.268007
A2ZA3ORIX6Q481, 0.268548
A3OQFWMCMYYO4M, 0.268562
A23LDHA1Z0BR7R, 0.269789
A2BPBHC8ZSELQ9, 0.269895
A35BVGH5X6Z4QH, 0.269960
A1V81ZAUGS0LE3, 0.270026
AO1HIVTUCQZQ2, 0.270298
AGTBEWGF0VHHA, 0.270307
A3K0YGF422W6GK, 0.270360
A30LV0VEB95V51, 0.270624
A35HOUWHAYZZN6, 0.271822
A1VJS5J9RWVQ5K, 0.272200
AOINAOO0NQRGN, 0.272940
AXJ1QYBUL86ON, 0.272955
A2UDYS4SVS4AEI, 0.274256
A1C2Y9U7KX0ZC0, 0.274326
A21NG6I8DONST8, 0.274371
A5UBMK0DCCD7G, 0.274371
A3OVGORKGD7BQ6, 0.274374
A409DXV0CIVRP, 0.274375
A3KTISKYS55LQ7, 0.274376
A1FDKM561MUQJM, 0.274385
A3PXM0NZ53P4F8, 0.274385
A10Z2MHXWP9YWJ, 0.274389
A1698Y18IW609N, 0.274393
A3KIP9MC041DGZ, 0.274405
A1VDFN0CLOAT1T, 0.275201
A1P27BGF8NAI29, 0.275894
A36HEY6E2XQT75, 0.276020
A2GLD72HQYHG0P, 0.278217
A1XFKWAR5STF0, 0.279153
A2WE93LJX8PMT1, 0.279413
A9GIGJUB98JNR, 0.284611
A35BSF26M75AR2, 0.284700
AGZKJ1RCAT9Z9, 0.288732
A2BPFPVOWCTKDJ, 0.290249
A2L6BT1PVV9YN0, 0.290272
A1D7SKBDFLSKFX, 0.291055
A1I34N9LFOSCX7, 0.292618
A2MJ8OL2FYN7CW, 0.295453
A657G6UZGX5H1, 0.296763
A3EXWV8FNSSFL6, 0.297820
A3QWPNDJ7ET7BL, 0.297981
AAG231B9RSSIN, 0.298076
A2PL0US7RN67G, 0.298129
AE1EJCOW4WD9N, 0.298184
A3TPP7AD8TO6A, 0.298209
A2HJCM2R7DSN8B, 0.298218
A13S959ZBAOU53, 0.298226
AX9QZGAJOZ96O, 0.298281
A3OAYBV9IQV33C, 0.298289
A1U3SYIJ2RRBDG, 0.298306
A39I6D8FJU0C4R, 0.298320
A13BBPU9UBQXDR, 0.298329
A1UF2ALNA3YHEW, 0.298330
A2KZ7L4OATB5V2, 0.298333
AO6735APC3YAJ, 0.298335
A2O5CCUSFNMBDB, 0.298361
A1K82R24ROO2I7, 0.298396
A1B4MIXYVIKMU2, 0.299064
A3IOCPLIMYDBCD, 0.299083
A2ASW6L6IEKU5L, 0.300343
A1HRYC60VTMYC0, 0.300811
A2BJTZ5JZHAJ9B, 0.300833
A2EP2LABE0UQTY, 0.300928
A1ZH9LWMX5UCFJ, 0.304097
ASJLXOX1VD4DF, 0.304192
A3IDT9839HY6Y0, 0.306946
A7WEPZL9UYZML, 0.307641
AU3GYRAKBUAEU, 0.307660
A29IPF6KF8D5YW, 0.307729
A1VBG5L6U6YTGY, 0.307740
A21NX7DZP4PIQC, 0.307747
A2KS3MVX1PVEHP, 0.307758
AMQAR4BE69OD7, 0.307758
A2IB37ILZAEBDV, 0.307760
A1D0IFZY85PFU, 0.307769
A3D9Q8V4FGLA82, 0.308211
AHIK7BUXFRMT8, 0.312322
A1J52MX2YDWSU0, 0.312398
A1J5HIF41ENSMZ, 0.313378
A3EBHHCZO6V2A4, 0.313901
A1KPALLWZ73M27, 0.314978
A26AS80LD679WX, 0.315037
AG7EF0SVBQOUX, 0.318945
A1GYEGLX3P2Y7P, 0.319039
A2U84A32KQTVL2, 0.320060
A2RLOCANTPCCU2, 0.320071
A3RGPBC7HZA8V4, 0.320085
A3OJODCRBTTF51, 0.320097
A2RMVKGPSIISC0, 0.320107
AQDKKTFH5XREM, 0.320115
A3RPL2RYFV2HVZ, 0.320162
A2YMCPP3KW9IXU, 0.321873
A3JXBZ8F65100O, 0.322088
A3JWUFBEH12B4U, 0.322605
A31N6KB160O508, 0.322920
A2KQT4D0OZR569, 0.323872
A94HQKQR8IZF1, 0.323944
A1L3CV746WEEFY, 0.323971
A1S2RLVMEVPXWL, 0.323974
A20JDDCXOB7LOA, 0.323993
AJWLEZHZ4GZBA, 0.323994
A2INYBYIGCBU9T, 0.324002
A2O421DTA8J0RW, 0.324282
A1FDV3WPOHREY9, 0.326805
A3T3S48UAVTUE9, 0.331950
A3N8RB943DMSH7, 0.332189
A9PKYI8B9V9VB, 0.332195
A19XMHRB3G4DIR, 0.333912
A3I5YPJZMTG1QO, 0.333975
A1ER5AYS3FQ9O3, 0.334861
A3RFCLYJJI46KT, 0.334920
A3R6PI47EF3F83, 0.334966
A1IU7S4HCK1XK0, 0.334980
A282LQJZ5ROYS9, 0.334981
AET3795YBJZWY, 0.334991
A1Z3XWG2W5GOHP, 0.335009
A37CENQP0ZNKVE, 0.335046
A1F7SX3GNVBNE3, 0.337063
A1TCSC0YWT82Q0, 0.337971
A27DYAY3FUWIZ8, 0.337989
A85V7EAHDOMA4, 0.337995
AC64J76R8B1M9, 0.338026
A2PR6NXG0PA3KY, 0.338149
A2211XUAO701D7, 0.338491
A2SRB4GMY8I8X7, 0.338492
A1RA68NKGP5LK6, 0.338495
A37PV5GMP2ILJC, 0.338498
A1SCD2NYTIAQTY, 0.338510
A1PBO90FMY86D6, 0.338528
A2NAZ6EX7YIA7N, 0.339546
AER05ICVO0ECJ, 0.340495
A1Y2958GEGZB0G, 0.340714
AVUR4EQOXEV10, 0.340805
AY12DBB0U420B, 0.344560
A1S52XH2CS4Y26, 0.345069
A1PIFI7VXW78ZA, 0.345872
A1LIV9QXL6YEU8, 0.346102
A2PLNZAU8JVI80, 0.346125
A346XW97VHQG45, 0.346195
A38PKDBSWYKHPJ, 0.346201
AOA8FL94KQ6XP, 0.346206
A29SYPOZZ0VNRD, 0.346206
A2A008V39X3J0K, 0.346208
A68K30RGRHF05, 0.346208
A1EBJF0JQWR90D, 0.346210
A36UA434L423AU, 0.346214
A12K79HZGK3XQV, 0.346220
A5A6V9TKED7Q9, 0.346224
A3V6Z4RCDGRC44, 0.346227
ABNRAEI4ND17T, 0.346228
A1CN8DMXIH3WDR, 0.346229
A1ED81AG0VYT14, 0.346229
A3RRK87S2Q33AC, 0.346230
A2PUZT24SWP7JB, 0.346231
AMM8G478DBDYH, 0.346232
A16NBAJPDXDG1G, 0.346234
A1K5BXQZFQ2BH5, 0.346235
ASQ7OEET37OZQ, 0.346235
A2EF1KIQ7TMPPF, 0.346235
A1E7PX99QBET2V, 0.346235
A2ZLKFEFBFG6CT, 0.346235
A3AVZFYNP9PHMG, 0.346235
A238V1XTSK9NFE, 0.346235
A2OH3FUSQ6P0KL, 0.346235
A1E7FNP7WZKPA3, 0.346235
A1VCOTDOS8WDWZ, 0.346235
A19VVEHTYQT3DM, 0.346235
A235ZASPKBRZNG, 0.346235
A2CKJTLNXP40L3, 0.346235
ABEXK4W0JNE6M, 0.346235
A2I07IKWUM2UFF, 0.346235
A2QGT6QB2YVGMT, 0.346235
A2TF33I76SF0ZK, 0.346235
A3NTV9VHMBY1KH, 0.346235
A22EMROFINDFI8, 0.346236
A3MVSYT5R5CHV5, 0.346241
A2K5BNVW2P3F5L, 0.346243
A26E561S8NAVKL, 0.346485
A3T9IWP077MAP2, 0.346485
A2R1PS40MI7Q9T, 0.346489
ARQPQ8LF5NTEZ, 0.348341
A3LWC833HQIG7J, 0.353528
A1G6Q2NQMJ2C3X, 0.354024
A3FFBY7ISC4LHR, 0.354235
ADDDFVHP3CSVA, 0.354844
A1RG4WKNMPYS4X, 0.355639
ASDCYQT0UQ1ZF, 0.355853
ALNFHVS3SC4FV, 0.355931
A3QSICQPSXHXOL, 0.356889
A2OWR5G2OAQF7C, 0.357421
A2N8MS8WCFRJVQ, 0.357814
A3CV7TZLXQGWA8, 0.357930
A1L20MX19ZMNW5, 0.359257
APX38OL5RONWA, 0.359307
A389KK46AH771B, 0.359343
A3UKWQS8SRW6IO, 0.360348
A3MZNRSDQ32UUH, 0.362788
A13HRSMJ5TOWEZ, 0.364478
A1385FE19O0301, 0.364672
A1W9BEDOALOB13, 0.365733
A16OSI6MRANO0D, 0.365741
A2XPDQ3CMATK67, 0.365773
A1PJEAN52CCM9Y, 0.365780
A2MXPIUZYSVHBP, 0.365797
A11W2ZN3VGJOAR, 0.365816
AR00NS8HUD13Y, 0.365820
A3SSVI14J5S3UJ, 0.365822
A1VO7J0P1W3QRI, 0.365824
A1D6MIWDTV4XO1, 0.365825
A2P8NDUXS2ZHLT, 0.365832
A1KF7Y8PRJEIO9, 0.365837
A1J5AQJ940OAPH, 0.365838
A1E1WOZ3SC3O42, 0.365842
A15OKXTGDML5MJ, 0.365846
A2RKTYBWHIUD02, 0.365846
A39V22BIBUMMB3, 0.365846
A3I3FYY5N3777A, 0.365846
A1VRK6CZDH1U56, 0.365846
AH5CQ8TKUURI7, 0.365846
A17CZLR2CM1XIQ, 0.365846
A3N1GMN95DB291, 0.365846
AS19P0HN94DC8, 0.365846
A17IYRLGMHE2RI, 0.365846
A30WYAYMNV6949, 0.365846
A2AUCC67RHKO50, 0.365858
A2LXW6XUS5UIGN, 0.365867
A2IAHIO9LCK1VO, 0.367504
A1ZQI0ZOZ2AON9, 0.367573
AVPNQUVZWMDSX, 0.368003
A2FV5YQV866PVF, 0.368069
A250AXLRBVYKB4, 0.368436
A3NKSVKXMM5I4T, 0.368605
A35Q0RBM3YNQNF, 0.370679
A2YWRWSLEJRM92, 0.370926
A2HKU4SOT0CWG9, 0.370981
A2V4XUYMIMMT3S, 0.371578
A1DN8OM1DDSFUC, 0.371765
A32WS1SQTDYYO, 0.371811
AYWUHB7N8XGZQ, 0.374489
A3RR2P5IS3DGPR, 0.374774
A34KXKL8AA6ZY4, 0.376106
A1FDVT0DLJWV78, 0.376245
A34BZM6S9L7QI4, 0.376422
A2YB7DLC3FOR7W, 0.376758
A2KQN0OAJJ1AZL, 0.377929
A3DWO2POFW0JDN, 0.377985
A1WGH8V8P9R15A, 0.377993
A36MP37DITBU6F, 0.378490
A1F7YU6O5RU432, 0.379556
A2CLDRW7GVDOZ1, 0.380344
A3DZ3P2OCK2Y6E, 0.383296
A13J57AACBVI5I, 0.383344
AZR55JSEMWB76, 0.383351
A17MRB5QEHV7ZX, 0.383352
AAD53V45KF2VL, 0.383364
A1PCB6OXKWKLBL, 0.383377
A3QC4TGOGUL1M5, 0.383394
A3NID9D9WMIV01, 0.383939
A2AVYSXICESSTK, 0.384026
A1P3Z1ROTZSX4, 0.384643
AEPEDQPMVQUUR, 0.384687
A1LK7DNXQRYMDN, 0.384704
A13K3ZLWAWN1EI, 0.385108
A357B3PUHSVQA, 0.385959
AUTBHG6070SL4, 0.386441
A1C2GFOPBDFM8L, 0.386462
A348IT6M7H8A67, 0.388883
A3BKNXX8QFIXIV, 0.389922
AT9U5ZE5OO84C, 0.390180
AVJJ2D4G5I0Z4, 0.390232
A16I6WJUEBJ1C3, 0.390397
A17V9XL4CWTQ6G, 0.391024
A33BMBIWJMMDDP, 0.391428
A7YMD8MSOBO1I, 0.393765
A9101KNY0S3H2, 0.393766
A1PI8VBCXXSGC7, 0.394123
A2D1LPEUCTNT8X, 0.395572
A1E7G56OX03JKO, 0.395684
AHVASC86C9VPS, 0.395708
A3D9LM07P8CXI, 0.396317
AX3M0765KGH6P, 0.399149
A1ZZBAHWGTNMAD, 0.399234
AVE9KNJYJDESB, 0.399234
A2XN14YWLGTW35, 0.399251
AJQDIT55SZ3ZX, 0.399830
ASBLUZWS98EM2, 0.400063
AORGKBNQZ83O8, 0.400465
A1YUL9PCJR3JTY, 0.401813
A3R4IKZLURBKKD, 0.401933
A1W415JP5WEAJK, 0.404192
A2KP45DO3RY4RG, 0.404470
A1A3VXAK3HR6U6, 0.405497
A9RTRKZM3IEOY, 0.405528
A1A9PD00UVHHVI, 0.405593
A313H6238N589, 0.405597
AMZWWP4LFT932, 0.405643
A21VGNU5959O85, 0.406146
ABAHKMFEHT8K1, 0.409158
A3IR834T7AROBT, 0.411379
A1O626RCX1G3J0, 0.411538
A17HMM1M7T9PJ1, 0.411640
AK0CENM3LUM28, 0.412221
A1DB4U8ISVULVE, 0.412744
A1BIPJK03QKFQA, 0.412764
A204G7E13UW2B0, 0.413671
A3US2P9OJBOIQD, 0.413691
ADZ1E2SYWSG99, 0.413747
A3UHFQT4E3R2D3, 0.416106
ADLVFFE4VBT8, 0.416992
AALIINL2LPJEL, 0.417248
A29D2F7YZ2AI3, 0.417639
A2VW4FYZILSXF2, 0.417645
A2VG3F7CA6O9QZ, 0.417649
A3I49HMI4LV6HU, 0.417666
A23JS83P6DI6OE, 0.417666
AUBJ799D34OPD, 0.418272
A37GFKV81AL1VF, 0.418308
A3UJRNI8UR4871, 0.419968
A1EE6LQS3OPY6R, 0.420393
A3AZI828WJN1CD, 0.422094
AIOPIWA4Q6GAJ, 0.422162
AP2NX17IS4661, 0.425949
A2X2WTEVCZ5L8N, 0.425987
A2YSA6RZMKD9LC, 0.426302
A3FC5Y7XCEEOXY, 0.426602
A1OL7EP0ELWZXS, 0.427074
A17UR3NRLARXCH, 0.427115
A1MFG9E45RX5OW, 0.429553
A2DB720I9XRX7K, 0.429584
A294XIDCE087BB, 0.430825
A276BKCK4ZE7EW, 0.431503
A1RH1D58EN35EX, 0.431987
A6VPK7X53QNAQ, 0.431988
A369IQZ3J2ZSI7, 0.432001
ABK2RVDJPL8MF, 0.432026
A2YIO225BTKVPU, 0.435720
AQLL2R1PPR46X, 0.435983
A1ZPY91VE3IDN1, 0.436880
A3DWGIDZUA8PE7, 0.437094
A22PUBSSNP54L, 0.439301
A6FIAB28IS79, 0.439311
AZRJH4JFB59VC, 0.439380
A2KIVODZRTGY4U, 0.440156
A23GFTVIETX7DS, 0.440248
A3BZGLRF3SLIC1, 0.442229
A3HPCRD9RX351S, 0.443040
A3FKGKUCI3DG9U, 0.443327
A1YV4U8304IQ, 0.445051
A375TGHILH9W68, 0.445141
A1WT4C5BZHW8KV, 0.445144
A1FWFCJU2G7TRA, 0.445775
A35W3JQYP0M655, 0.445821
A2RME4353Y911C, 0.446243
A1F1A0QQP2XVH5, 0.446670
A3RYMO6S22FMM5, 0.449355
A2KUUWP4ZZMOBP, 0.450633
A3I4MWNLA68W2I, 0.450914
AWPN47SSWK1JV, 0.452773
A3AHDR4F2J7YXX, 0.452888
A13QM0HT6VXHL5, 0.452888
A33PVCHCQ2BTN0, 0.454729
A13Q6H52XULPYL, 0.455133
A22CW0ZHY3NJH8, 0.455913
A1LEWAOY8SPN9C, 0.457254
A9P9JJIXYV0XS, 0.457265
A2P43DD706FD0E, 0.457294
A2LK3Y6Z0T2QHJ, 0.457295
AFZILYQ3IMG9G, 0.457302
A1GEPBQYM2D842, 0.457304
AB7RCOOIQH8NS, 0.457306
A1FN85PRKY2BX4, 0.457308
A3EERJGK0VGUM7, 0.457308
A3AATF9L2UGZ2K, 0.457335
A1N5FSCYN4796F, 0.458004
A3MTL8TQ6OUA2T, 0.459983
A2NTOF08VRE1N7, 0.460522
A347XJQ184KKXU, 0.461161
A2KXRMLVN693R6, 0.461394
A2M3V7P6G9DC7K, 0.461403
A1WM1CF74CQAMD, 0.461479
A2USQQRRGS81TS, 0.461494
A3I04CV7GN9VJW, 0.461529
A2281IK7K4MRMY, 0.461564
A2CCIGETPKOEH0, 0.461567
A36R3I1E6172XG, 0.461570
A31B4C4LMC5MMX, 0.461574
A2CPAJT5GV9C7Y, 0.461574
A35WLE6KYWV23S, 0.461580
A39V58FWGFF7X8, 0.461583
AFKP2U4TJJE0R, 0.461591
A2F66WDN8IO18N, 0.461605
A1OEQY76OJ3STI, 0.461606
AGICQ6RU5LFDB, 0.461607
A12V63IUGJIH47, 0.461609
A1TE85RPUZS1Q6, 0.461612
A3A57JYKU82ZRW, 0.461612
A1OQYQ5YUZP65F, 0.461617
ACVG9KKQKTC3F, 0.461617
A1JEZHC7537JO4, 0.461618
A1QWQC4BA1RXAH, 0.461619
AJBLHKK8S25HQ, 0.461622
A3MJH3PO94E6GW, 0.461626
A2V74GKASN2U2L, 0.461626
A3RO1J2XJYDG0R, 0.461629
A2IVO6H30VNC25, 0.461629
A2NPMFYIJ1J7XS, 0.461629
A1SZJQFD8ECPSX, 0.461631
A33IFA57ZYAA48, 0.461634
A3BWJUI2NCO409, 0.461634
A1K61W5X2R7N55, 0.461635
A3DPQLR4M6INKH, 0.461636
A2YUIWAG8GIXHO, 0.461638
A21Q5YZFQQ62YG, 0.461639
A1CE0IHO5LSNGN, 0.461639
A292UBQX322O0C, 0.461640
A23Z9F21VMHLN6, 0.461640
A3GSBZDE4Z7AGP, 0.461640
A3D7PRFA3U2KE5, 0.461640
A1S6NTXQN2VB49, 0.461640
A1K9I34SS9F2OS, 0.461641
APDJAP3RELMS5, 0.461642
A35AO17K502IOK, 0.461642
A1PUM736GQ441P, 0.461643
APQ50DQHSNYFR, 0.461643
A2GN0U34RO12FV, 0.461643
A2WJ1V4LK1578Q, 0.461644
A2X11CHNOPES2V, 0.461644
A3157CLF9IZGRL, 0.461644
A1DW04TEDV8BXQ, 0.461644
A2ADMKAMXLOQ6J, 0.461645
A1V63QX9C0A0OQ, 0.461645
AE29A0NN7V5I0, 0.461646
A2YQR3A1S9A571, 0.461646
A32PW3Z8XYOZUM, 0.461646
A204WOS4OMHO5X, 0.461647
A1W8IGU2BRLUB5, 0.461647
A1F03GQAHBFVGU, 0.461647
A3G0Y43S59MOKK, 0.461647
A2GCXTM1C11I1A, 0.461647
A3CB3HZWUA79LS, 0.461647
A3525L1EANL3TQ, 0.461647
A1YE12IMVT18HV, 0.461647
A14LNO0XY4GMJB, 0.461647
AF11JACGL9RF4, 0.461647
A33CRWMJAS4VG8, 0.461647
AIWK0RD1DWYYK, 0.461647
AEHE32JEKAQGP, 0.461647
A2RNRJVIS41K44, 0.461647
A1XFF11MZPQ04T, 0.461647
A3UKAN3SJYZCQ3, 0.461647
A3D0OTL9OYYHFT, 0.461647
A7Y17YMF0AUVK, 0.461647
A3EVQC1H6XTKWS, 0.461647
A1ZMF11YKBEE2T, 0.461647
A3TX1OZ9LZWUEK, 0.461647
AZLZKIKS2802U, 0.461647
A2LY8NNOJMI1CF, 0.461647
A38RDCFKZPQQKX, 0.461647
AACKAWVXFJ2WT, 0.461647
A35DWKG9MP67S2, 0.461647
A1KKA5DHVROB7I, 0.461647
A3CLV8BZ7M6ULS, 0.461647
A1H6VW0W3UIK0K, 0.461647
A1M2ZUUDE40BW5, 0.461647
A10VQ6Y9E4W4Z5, 0.461647
AAG0HBBZJRSL0, 0.461647
AJNA11W35E98V, 0.461647
A2ED4B451YNIRG, 0.461647
A2Q59LT13UUKJT, 0.461647
APIPGYIZSRANK, 0.461647
A3B5NIIK4WM4WW, 0.461647
A24T5MHFK3R9RN, 0.461647
AUHY32O2O6KH6, 0.461647
A2IPRZR0WITRUU, 0.461647
A38TG4C4RZCIF6, 0.461648
AATPGOYD5QJK1, 0.461653
A3HBRT8DQTUBHP, 0.461655
AWM5B3D43RYM0, 0.461655
A2HFSOXH3B2DJ4, 0.461659
A8X0LK83DLNRS, 0.461659
A3GJ6WIPLK9LG1, 0.461660
A914A2LHN8BJI, 0.461672
A1QPTA9DJD8OIU, 0.461882
A2NPZXSBKKC5JZ, 0.461889
A2F81CEQZ4V1Q4, 0.462114
A4DTM6B4IBYQX, 0.462542
A349T3U8Y2A6, 0.462594
ASHE15M0G2YJD, 0.462611
A22Z9R91N8L7IQ, 0.465183
A26X7W5UM5QFT4, 0.465463
A1I2ZRRN2XVVCD, 0.468575
A3KZCNV1N8R9GC, 0.468668
AMN1A6XXVLNK2, 0.468951
A35X2JJI49OBZP, 0.469864
A3OXHLG6DIBRW8, 0.470616
A2ZSC81MXLBELX, 0.471055
AAVXLDJPBOJBW, 0.471695
AMZCZBK1EF1PV, 0.473142
A2NX6MFZP8TM6S, 0.473160
A2Q2A6JKY95RTP, 0.473181
A3Q7C0V12LS2WF, 0.474572
A37RIRXE3WECZ, 0.474640
AEWYUPCNDV7HY, 0.476405
A1Z4PPP3SZ50C8, 0.477317
A3MCIDR343EMRP, 0.477329
A5P0G326AZ58X, 0.477329
A2XRRDO1V4AMEP, 0.477331
A3H1Y72CU3O9O0, 0.477347
A3PJZ8TU8FDQ1K, 0.478653
A12XDEMP7PQPDT, 0.479103
A3L037WZ6NH1X5, 0.481258
A1VJ5NI12T31HD, 0.481258
A26A64X86VL1R4, 0.481346
A1B05INWIDZ74O, 0.481382
A3D0HMC6RQT0N0, 0.483590
A24HWYHR28JJ7A, 0.485957
A2SNDYGHDCJXLE, 0.485986
AK7CAW3N1XZV6, 0.486258
A2YKWYC3WQJX5J, 0.488807
A2VH0UT5EQFB6P, 0.489651
A2SN1C0KVT7K4K, 0.490091
A24ZV048V7J0MT, 0.491696
A2EDZE5T2P2U7T, 0.494603
A1M9126YPQPS3L, 0.494606
A21T1TDO74WNTM, 0.494622
AVR3F6VQYIMZW, 0.498152
A2C9XE9I8RSKNX, 0.499149
ACAIEIV03NBHY, 0.499586
A1L91NLNUQSOEW, 0.500499
A3AOF4C0MXEQSP, 0.500587
ARXU3FESTWMJJ, 0.501201
ANKQGTXHREOI5, 0.501203
A2L01339XV496V, 0.505200
A365Q3QLU40Y0E, 0.506963
A1YJMG0QJXZLD4, 0.507144
ANY74IVWZPZ3, 0.507747
A28DNJJ11VXFDW, 0.509488
A3IMO49QD6OYKN, 0.509493
A3VX9G8YEOD2XO, 0.511186
A1Z54EM24Y40LL, 0.512895
A3PZ4AXTY9J1DZ, 0.512930
A1VQBEW0G4IH1J, 0.515514
AK8LOFYRZJJW0, 0.515919
A3VS66YC7IXCC2, 0.518964
A1RTSGY2749P9Z, 0.518990
A10G4BPT5MGBHY, 0.519032
AGKR2TF00A5OD, 0.520026
A5CR6GP49HVEE, 0.520617
A1FP5ZLSKR07SU, 0.521156
A1JOANG98KBFKU, 0.521938
A8P8KPVXCWV9R, 0.522141
A6KL17KKN0A5L, 0.522274
A325RWA8LHK2QJ, 0.524065
A15DF0V80C6M8T, 0.524886
A2W9I628I6SE1U, 0.525792
A1G8USRY17IR1X, 0.526560
A71Z81T2D96P3, 0.526563
A2R8CKV5ENL7MX, 0.526584
A2U58C5IL0TCN4, 0.526615
AJD41FBJD9010, 0.526840
A2YCEKVUN1W5F1, 0.529086
A221I9R7I92ORO, 0.530642
API5JLBRT6FIN, 0.530681
A15GDVKMYRUPRC, 0.530714
A1I85Y08VRZ32Q, 0.531109
A12ENBT314RFXR, 0.532933
A3P3J6QFE7K230, 0.533311
A25C2M3QF9G7OQ, 0.533526
A1RETZE165IHP8, 0.534997
A1YDL2RLXTE1LB, 0.535799
A1OG3QEAW69749, 0.535872
A1ODSI5CGA5ANA, 0.535874
AIREEMCAO3YSY, 0.535914
AXD7RT6ARS6C1, 0.535919
A1OUVRO9SUM3DK, 0.535942
A1LOOP91R07H7T, 0.535948
A2PZYE86MWEXB6, 0.535949
A2N96A168YW2C3, 0.535949
A24PH6RGFDHXHU, 0.535952
A2ZBLKE83EFNGA, 0.535955
A38EYY60YKDOLE, 0.535955
ADYKCUDP2RUUA, 0.535955
A70DYJ0YR91FH, 0.535955
A2IKJOQVJG9JL3, 0.535955
ACU2ERD5Z5PE4, 0.535955
AL7DGOWBRV9VC, 0.535955
A1SN27V477FNSJ, 0.535969
A2C5IQ6FLEM4QZ, 0.535979
A1CRIAKXPSIGJN, 0.535985
AQX68X3ZLUGEQ, 0.536971
A142CJN2IB9C9Q, 0.537012
A2UCOPAEMGV3YP, 0.538587
AW6J9IILGOZY3, 0.542338
A3B3F8S3RWQ4XI, 0.542486
AFDNACPVKXXPZ, 0.543056
A33DKGANHQJSXC, 0.543117
AJ6IKN18GPK5N, 0.544084
A10H24TDLK2VDP, 0.544781
A21INUA35HX4XQ, 0.547505
A70NFM6KHU24F, 0.548274
A1F6BHEYB7R6R7, 0.548296
A3C5YHTV72WYJY, 0.548741
A3CQ7URWQ1FX9L, 0.548743
A3FG0C4PZQGQAK, 0.548765
A39LPOSC0LDZWE, 0.548770
A2GQ7GU0LEQDNF, 0.548770
AE9ZPX6BDW803, 0.548776
AFKU54VTOF81V, 0.548785
A7EK88GF8N40F, 0.549348
A2WW57XX2UVLM6, 0.550321
A1LFSTBR7L7PUT, 0.553597
AMR7T2WFHHZJD, 0.553931
ASIMCC20UVK58, 0.553959
A3NMA7RSO2HMBG, 0.554798
AHN86VFJIJ2JP, 0.558303
A236IN6J0H7E2V, 0.559994
A2YSFKX18XTHED, 0.565624
A1WXJ1I42UOQ2V, 0.565889
AATQJWMI88ZP6, 0.566930
A88WK54WGJ15T, 0.568978
A1ZK5P0EOE727F, 0.569484
A13NSUJ2BDIFAC, 0.569530
A2OL5WLCNZVD9K, 0.571527
AYGJ96W5KQMUJ, 0.572662
A33AQPJYH7UUXR, 0.574342
AGGDI4VWPPZ6J, 0.574450
A13T0V3LHOTHDL, 0.580582
APCDN1JK6B81P, 0.581690
A1Y39T2CT36YL0, 0.582052
A22S7D0LP8GRDH, 0.584414
A2I1FCE78576GM, 0.584581
A331T1MEPUCBYV, 0.585704
A2N11YPX95JSST, 0.588105
A1WOMXOEX90ARI, 0.589044
A3BBC8E7QT7N9I, 0.589231
A204QN2VRUQA9B, 0.589571
A2XAKGRUHIE2ZA, 0.590555
A35JP8KSV9281K, 0.592070
A2OOCPLJM7I4VA, 0.593404
A1EJ95I5W5S8FK, 0.593492
A4UP3MT4NWCSS, 0.593573
A3FCL4APUQPOKF, 0.593958
A1L331YOJ0OL4Q, 0.594466
A3D6KZT0QG6UKB, 0.594496
A2XKJ1KX6XUHYP, 0.595188
A10YPHHHEWW6R0, 0.596369
A34LILWGBUXLIJ, 0.596374
A2DPIF50YL6BXC, 0.596379
A37DUY2LW9LKKW, 0.596383
A948FPTGYXYBO, 0.596591
A1HGXLP6WATS4B, 0.596636
AB2ZLG187MTVZ, 0.596670
A1QO6RG95FVIZ5, 0.596711
A170EOCWWXBLF5, 0.597252
A26LHX89KA88DG, 0.600625
AF51KJB3W1YI6, 0.600630
A13MKSASQ6YWL7, 0.601353
A2WBJCUK776FKY, 0.601677
A1BBAJVMUMR46S, 0.601811
A3F3B1JPACN215, 0.602790
APPDY8ZYWPBOJ, 0.602939
A2ZY23X9IKXMON, 0.603714
A31F6ZR6D33BAN, 0.604970
A1ROUMJOGO4QMB, 0.608285
A1ZSF5CJ0A4CIO, 0.608383
A2Y8IDC1FKGNJC, 0.608906
A37Z843SR49K8P, 0.609812
A2OCINUVTZWBW, 0.611859
AIBRTGBN07D6A, 0.612644
A3L9L92C05PXA6, 0.615528
A2ZE5ICI6LWAZ0, 0.615531
A3MEMX0XF00TBD, 0.620703
AVZ1SYMD26S4R, 0.621968
A353U0L2HAMSHV, 0.623762
A19SDJ2TSSL8HI, 0.623886
A3I9MCGO36KZ7V, 0.625245
A2OOGNEEW60IQ, 0.625249
A3BFDEBT5IV4UN, 0.625550
A36MS27KAA5S26, 0.626388
A1NK2SF59YKURD, 0.626411
A2WVF9ZQ068DN0, 0.627094
A3EFSLEMHNPP6A, 0.628435
A3LQS08K2OBI5Z, 0.629923
A10PEXB6XAQ5XF, 0.630042
A2FRFAQCWZJT3Q, 0.632641
A1ODOGXEYECQQ8, 0.636947
A1RLP0R1N8H8C4, 0.638746
A23RL7GUDG5G41, 0.638814
AP3UNMQ4PQ87Y, 0.638814
A31HE5SMLZMJY4, 0.639401
A3MJARDJ31M698, 0.640139
A25EE3X3GQ6M7L, 0.640220
A3JN96R8ZQ4X0P, 0.640224
A10JNPPBHIKP34, 0.640225
AVMK3SLZ2UZ3L, 0.640253
AKHFY3VCNZL2W, 0.640525
A1EPP56A17R62Q, 0.643805
A1OP7O7OLH0AKM, 0.644140
AZ5X928CQPRJN, 0.646318
A3KQ9HS0D646J2, 0.647965
A36GEDLB5A5MJ, 0.647966
A1JHW6YMGLJQLC, 0.647981
AEA2PXYT7WYB4, 0.647984
A3BLNKGV0FQG3K, 0.647986
APPJNVNF4BFLB, 0.648314
A2EPIQSV4NUSFI, 0.648715
AOVROBZ8BNTP7, 0.650400
A31YSTICHFYN7O, 0.651468
A11OTLEDSW8ZXD, 0.656062
A39NB225G8LYPY, 0.656309
A3N4VTNFPMTHEF, 0.657552
A3HPZ6BIMNXSZR, 0.659309
A2B8GXSCB1R05T, 0.661014
A11ED8O95W2103, 0.664116
A2MSQNPTNAAGL1, 0.664123
A2UDUJG17I8S1, 0.664405
ANMA1H8LGEVBF, 0.664731
A30IP3E4MDQ36, 0.664824
AEC90GPFKLAAW, 0.667632
A106MNO7PYG1WL, 0.669937
ATNY35C54SQPO, 0.669941
A35LT14WG5BX0T, 0.670449
A3NHUQ33CFH3VM, 0.670771
A1S3DCJ9T7GAK, 0.671281
A3CG93783LP0FO, 0.671980
A2PX2INC17AK2, 0.676094
A1KIE0P0LYVGFK, 0.676248
AMIPRQWY4IMC5, 0.677078
A2ASW24UL56E3H, 0.677100
A3NDUBKYPI47N2, 0.677857
A23RZIU0N8K2KR, 0.677952
A1DHKKNNW6H783, 0.678446
A3PE884TA8529G, 0.678710
A2WT042WTYHTNI, 0.679443
A2O8XS3QNT0QN4, 0.680673
A1QHEKVEXOR0AH, 0.681556
A2FVD05Z2FYW1P, 0.681888
A3G5MOHY1U635N, 0.683574
A2158Y2U61AU9G, 0.684669
A3RRVZ3LV6W4OX, 0.685554
A2VAD79S4A06DD, 0.688177
AY1EF0GOH80EK, 0.690942
AZ4T61QUJHA9E, 0.691263
A34UVV757IKPVB, 0.692215
A3BFNBSNJ9THJZ, 0.692428
A22HJXLZL766N4, 0.692434
AR6NE1L8XFF91, 0.692446
A31ADXPMW49U5J, 0.692466
A1ZKFQLHFZAEH9, 0.692470
APIK52JZ16938, 0.692470
A3QX5N8RRZVJ80, 0.692470
A10L8O1ZMUIMR2, 0.692470
A2JD7P05XP1ISX, 0.692491
A3SGHTUG8I8YK2, 0.692889
A18RIOMAB7DJQ, 0.701983
ASWQHCBXTTMKR, 0.701996
A3QNQQKJTL76H0, 0.707432
A11VK79G41FSU6, 0.707686
A2KMY4RVMJ1EP6, 0.707708
A21S0K5PU4YO9L, 0.708533
A1EARN5PUVIF1S, 0.708551
A1W92PKR9AFLQW, 0.709669
AYOMAHLWRQHUG, 0.709672
A8M42EXA7NB5L, 0.709693
A2F56CRL29D7QN, 0.709808
A37USOKUTI724H, 0.711601
A1KQ31B1998R79, 0.711721
A29BHW9YT2FZ77, 0.711737
A145IN9FBZNSL, 0.711741
A1K31E7YNVQRIT, 0.714623
A3AVJCB1ZD6ZY5, 0.716084
A2JP9E1H0SF392, 0.717531
A1VUN4JU731CBH, 0.717566
A3HJHV83O2U8BL, 0.717793
A30QIRX0TROA6A, 0.724178
A1LQMI5ASSB1OY, 0.724180
AWIF8AR75LL9L, 0.725952
A3PD8JD9L4WEII, 0.727800
A1T1YSCDW0PD25, 0.730562
AUITG1DJ3QUGK, 0.731151
A3NDZQKYTXW7T6, 0.731486
AW1S0LGZ7QEJU, 0.731584
A145WP4BLE31XM, 0.731612
A2HKKTXF31K3EO, 0.731619
A22W947NJCFC6V, 0.731620
A3VGDSF0L36D35, 0.731623
A377DJQY7K688F, 0.731652
AI0E9895R6O4Y, 0.731672
A2DLMC7H3QPN2I, 0.731677
A462XX042KTYG, 0.731678
A148B6JDGBZE66, 0.731678
A10RB6QTG5I80V, 0.731680
ABRS0P2QFS1QP, 0.731684
A1GKYALLGSSYHW, 0.731686
A235CCN8QMXWO2, 0.731686
A3PXPVW8OBH35N, 0.731686
A1UX3N18NOREVY, 0.731687
A2OGKKYG2HM7R3, 0.731687
A3AQMFF8BIQ6M4, 0.731688
A1UJP71YUPP9FS, 0.731690
A2O8QF1THCP46H, 0.731690
AESIEYHYDIG4A, 0.731691
A7XOGL5A54TX0, 0.731691
A12WJO174B5F51, 0.731691
A2M7WZ0QF9O5A1, 0.731691
A1K33E0M8K6S63, 0.731692
AXAWMQU30EARI, 0.731693
A38AJKRTRCRASG, 0.731693
A2BH66ZGH4JKJD, 0.731693
A13FB7U0KAPE5G, 0.731693
A30Q0VM236EL8C, 0.731693
A3HTS3RFGNT6HC, 0.731705
ABQO8Y591T96X, 0.731707
A23JH7D0Q03BA1, 0.731711
AORJTIS3UJMX5, 0.731711
A2TEP2FMBLHN1N, 0.731713
A2GT59NKF3231S, 0.731713
AOP37U60U9JKU, 0.732097
A33REC3J2JU2EL, 0.735158
A398JRWHVAVZ9U, 0.735325
ADMWYMH11LD27, 0.736062
A1WX42M589VAMQ, 0.736424
A3R7R8ARVN2P3D, 0.737065
A2PNOU7NXB1JE4, 0.737580
A2HQ8RTAJYEUJO, 0.740867
A2U0VD3H1K0926, 0.741908
A3S71WW0FEU9DR, 0.741967
A2SLX6UHHYCMCV, 0.745841
A3D0PV8Y6577NN, 0.751601
A3GF6WXRV7YKQ7, 0.752233
A3PJ0TNZOJ2MCI, 0.752266
A2UR44HF5K9FE5, 0.754481
A3PNLVU1ZX1XJG, 0.755990
A1UQBFCERIP7VJ, 0.756155
AKGG1DDHNA7XW, 0.760150
A1C217T6VWIE3, 0.760297
A2VC8GVTTU60YO, 0.762605
A1AL1QDY1TTZ3I, 0.766779
A8Y7TXSUA00H1, 0.769892
A2OSKE3H4RA994, 0.772914
ABTUNH7645QJL, 0.772946
A2QFQINWX3UYHH, 0.775668
AOTSKKZMF4LHM, 0.777409
AF1H4YRBRMBB9, 0.778597
A14ENWEKTHCBXR, 0.781628
A3TQV2O8FH6FZT, 0.782970
A2SSV6KM3W1VFD, 0.786436
A3P84TZX9X1B3X, 0.787500
ANEDXRFDZDL18, 0.788067
A90R5PR3BF7JW, 0.789259
AV6G07JV1P9YC, 0.789890
AZ2NZWEEPJ1JZ, 0.791344
A1KK66VC8S9OMP, 0.791366
A3NL4VV8FXZ266, 0.791384
AIDPKNFYTTJ9Y, 0.792762
A2CE9CFMYZC084, 0.798446
A12JZ2L90VL35Y, 0.798516
AYNIT5FYOCH30, 0.798518
A1A1BM6N28X9J0, 0.800045
A3L9ITICJRQWT9, 0.800416
A1BKX9MC3YAKF8, 0.801352
A3DQWFWINN3V5A, 0.801374
A1WE8KTC20NY65, 0.802445
A3FIZI590M0UFO, 0.803808
A18NBQ243KLT1O, 0.803851
A3PRVC4V2CZAPR, 0.803907
APLT0JCHBTZEQ, 0.803928
A38G67NOP3M4UF, 0.803929
A18M0KQ6RPH2JD, 0.803930
A1UUPJ50XEPSYW, 0.803933
A28Q9FYX8JISN9, 0.803957
A1JF5F9402BKBV, 0.804175
A29WI9X3OVZ6OT, 0.804500
A1WQ0EP71CG86X, 0.804524
AXAJXJZUL2J5P, 0.808689
A3CG6YLYZJXQG4, 0.809057
AYKK46NTS0MUZ, 0.809374
A175N19FS2B4J, 0.810143
A28X7NZ02016FO, 0.810882
A17GK9E70O7Y9R, 0.813528
A1QB9DL94EXMUT, 0.818555
A3HXME9ZRYK5P, 0.827425
A1BSJF2VSVG2I8, 0.827493
A2SZWFJX0783BF, 0.831148
A29UDHP1O4ACV6, 0.835338
A31GQ2U36G30IG, 0.840019
A1J75JJ0Q2OEJN, 0.844187
A2240J73FTPR21, 0.845001
AWAB7PKBO3BBT, 0.846071
A177HAXSCPLY7C, 0.846348
A2JX1DGG9LF4K6, 0.846353
AM8W6Y3HVXLZT, 0.849207
A4VMQ6ZTSXSSL, 0.849874
A5MXNEKQSVHEG, 0.850669
A3CI9DSB6Z76JF, 0.851884
A1UDC6QRUN4BOK, 0.854169
A7XO1DM6W3DOS, 0.854284
A1A763Q8427ZGY, 0.861772
A2UCZAWAN5QMJQ, 0.864106
A1RJUXDK64O91A, 0.865342
AQKK1FF4LFFBH, 0.866372
A1V87K5ACKN3WJ, 0.870359
A2B0ZT6CQL0EM6, 0.870838
A1DIFL0333QPEB, 0.874180
AWBMGLP57SAGK, 0.875338
A3AMDR3RZP1RQQ, 0.878345
A2AF0NOCM71J0B, 0.878810
AFNCXMCX7VZWH, 0.889687
A1JVD71PPW5HTM, 0.890223
AQQLWCMRNDFGI, 0.893967
ADBBSN68NTDII, 0.893970
A1ISS4F3IRVTS0, 0.894921
AD3NN24XE28EN, 0.894980
A1TR2KVICYLR2V, 0.894982
ARU2H2PYTNCAX, 0.894995
A6SB8A3A2NWWE, 0.895002
A21VRPTG99PC3K, 0.895005
A2P0JC3HKUETS3, 0.895005
A3JEO703YA9U2H, 0.895005
A1SO1PGDNVMLXC, 0.896824
AD63V1AC9DO43, 0.901731
A3MTY0ZE9WYJHL, 0.901802
A1MP1R79QTOKUW, 0.902631
AXLEXZ750G5SE, 0.902786
A2V18JN5XI2GOB, 0.905382
A2TJG4N8LNJW23, 0.905403
A9GQR7CMQERSS, 0.911314
A33YZNZIRA3H97, 0.912086
A2GJ13F7WIYX2E, 0.913658
A3QFX2DMBWLM66, 0.921008
AAXN5RO0QV4OD, 0.921040
A318TWMKSNF2P1, 0.922663
A1B2IZU1JLZA6, 0.923151
A3AZMR12ZWD692, 0.923153
A3TS7BAOQ47DI7, 0.923169
A2VSEH1IXLUBLB, 0.923216
A2E30DTXCQ807J, 0.923226
A2ICA9ZLY7FUJ5, 0.923252
A2UMT46JHONOU3, 0.923253
A37HCYJX1CTSF3, 0.923267
A30TLPE2MSA58B, 0.923268
A27J8YLWXBDEG2, 0.923269
A3Q3FT2J9P3FGK, 0.923273
A20YTSYB64D24I, 0.923275
A1W3TUKVZW0NE3, 0.923280
A33IZTCQMITB0X, 0.923284
A1SFKK0DIH2JKQ, 0.923284
AYQXVKGCQ1L1Z, 0.923287
AF6JS5ITQ300A, 0.923288
A3M5O6UHXO9IBU, 0.923294
A3L27V7TOG1JZ, 0.923294
A2VM61X81MSHHW, 0.923294
A2VNXYBE1QRCX1, 0.923313
A2TRWV1MSEEBUO, 0.923319
A3G7O69WITI57Q, 0.923536
A3O42SB12IAE4G, 0.923793
A26SYXM0IZMYPN, 0.925358
A39EW9DLVX70B9, 0.930771
A3NMIRV5FDCMCQ, 0.935834
A2MIHIBW4H1Y6Z, 0.939734
A23W8MR1H3UHOZ, 0.940280
A3JCSJC01SIAQX, 0.943189
A2NTPZZ5FS19Q, 0.946422
A2SZLNSI5KOQJT, 0.949351
ATJN4KEHJBOC8, 0.951464
A1O3X2RXPIB8XF, 0.953969
A1XQKH74WID5R6, 0.954506
A16ECV9511MGE5, 0.954671
A3GGDMT5GB2BCT, 0.954672
ADNA24AADKBQ9, 0.960330
A26NFIQ7KWI8Y7, 0.960664
A2CV6KXDKFYIN1, 0.960860
ARYSDAZNRXN6G, 0.966941
AR7TAEEUDHMUB, 0.970437
A2EHYCA29NSQLU, 0.971249
A14I4G6NE1AEHJ, 0.971975
A7VM84CT5LK7C, 0.971983
A2J0OLC480HANP, 0.971987
AJP3WM478YGWB, 0.971990
A4TGFU3KSNSN1, 0.971998
AN8CSYVMUA1HF, 0.972005
A2RN7QMGL8BP73, 0.972005
A3L5QAAH3J5AKY, 0.972706
A1T6C1X1CG9BEA, 0.977934
A1MV5ATV8WXXRO, 0.980452
AYGIIQGSHKZNI, 0.984821
A3JCWGHCVC2ZNF, 0.985329
ADZM7KBKRNLD, 0.989278
A2E67UDGXGL71V, 0.998264
A10AFVU66A79Y1, 1.001398
A7EJERNB7IK3Z, 1.003889
A2AXHGGXK5SZ8, 1.004867
A3B1360JOYS0GJ, 1.005082
A1M9E1VO2KQM8U, 1.005939
A2X3L31KCXBHCL, 1.006079
A14EK7CK43XIIE, 1.006102
A3U41ZL33SS92P, 1.023832
A3SFMQ57CXT8Z3, 1.025985
A2L35P0VQE7LBN, 1.035617
ASEGKEBLODKZE, 1.038705
AJLIPG8K8O294, 1.038705
AJV2QY96IVPVM, 1.045567
A1KLA02LZXAT46, 1.051792
ADF5WNMEPD5KT, 1.071782
A3RTF5NE40KLUA, 1.071823
A31XCH32A17X7J, 1.071859
A5335DEXO3PB9, 1.071865
A2P1QES0PI4I3F, 1.071886
A1JUPMQ29HWR1W, 1.071888
A2NTSH6GHYAS49, 1.071889
A18D5OVOLCJG17, 1.071890
A2WJY89JH9MVI9, 1.071891
A1TRSGAASTT2PO, 1.071894
A241A7W4WQXEDX, 1.071902
A2HZHNQHJOFQBW, 1.071903
AJIIIB8Z5B6ZD, 1.071903
A2074YQOP57G8Q, 1.071906
A32IBJNXQB3HQ5, 1.071909
A1EO55TS5OD00L, 1.071909
ANU1MAZBJQIA0, 1.071911
A144UN94BWDYXM, 1.071911
A7XYLJ9XFDTT9, 1.071911
A2XFFETFCW2A6K, 1.071911
A2CONC3LYTQAEU, 1.071911
A3U9QS8DG7S7JP, 1.071911
A21FG5A07GCSCL, 1.071911
A3FCHYBMIN5OG, 1.071911
A3A3RB38KY7WTM, 1.071911
A1XKHAW6JX686J, 1.071911
A1EYQFLURDOM3D, 1.071911
A1HV6OJ88VJPB3, 1.071911
A3F9DLB6ZLL13B, 1.071911
AJ3SORTLLTWNJ, 1.071931
AUF2WEJPK910V, 1.071940
A3UEALZPSRM9II, 1.072428
A3PQ5N9NNRCIKH, 1.072490
A1Y7N490JGD06U, 1.073995
A2WPAPA1IJOAI0, 1.077958
AQNLG42HPS5KD, 1.077999
A12NEAMW0X0OGW, 1.078669
A1TMXYXSLYQ6XH, 1.079995
A2HVVSS1M8R31N, 1.079998
A2VYJQA825S3VW, 1.080706
ASSKNUG7SHUA1, 1.084972
A1SN64QR5OUGTY, 1.088216
A2VRYFRC3SNU2B, 1.096735
A2T9XXFGPEYNSY, 1.097471
AA9DOZJQJ7393, 1.097510
A3GSZWOVHBAZ4O, 1.097539
A2YOSGV8YE3NJ8, 1.102601
A2MUGFV2TDQ47K, 1.102939
A3OT1RIV0CRKDQ, 1.103272
A2TP8VCDYHH3MT, 1.104079
A13WTW1IQFI0GF, 1.107548
AQ6AGWKWMTY8H, 1.109024
A3L9NGPTBJBQEL, 1.115539
A2DPYMNI2HCIOI, 1.116917
A196SEEGLL4OGD, 1.127322
A155ZYAPRNPD69, 1.133775
AJKUKIVCQAWKC, 1.134280
A12OC9ZA779927, 1.134988
A2R4BNNO98V4A2, 1.138692
A2TO2BN3P4C00L, 1.145963
A1Z94P94HPWOU0, 1.150150
A3AJDID6Q2M7HZ, 1.150168
A2YDU3RZB63VXW, 1.150168
A3A50F3ZWJ6V68, 1.150168
A3DGKUS8F7E9U3, 1.150185
A3KZLIEGCSSM5L, 1.153571
AMP7TQRWAIE84, 1.163795
AZ26CDSJ363AH, 1.169489
A38M9ODTWIODV, 1.174453
ACEA95FQS1AVP, 1.174761
A1A6FO60YK0UEF, 1.186980
AGKSJ70C1ZBQD, 1.191256
A2SS2Z1T1LXTWG, 1.191684
A1S0EW0NLMFVAB, 1.192348
A35PBTOYQKRI0P, 1.192737
A311GV8XGDIEOY, 1.192865
A39Z52KPAO8YR7, 1.193156
A2V671K0SSKI0V, 1.193226
A38HBNKB5R2SJY, 1.193271
A2WM4WFT86WGKP, 1.193276
ANFBXZLR7I236, 1.193304
A18GDKNYA7720F, 1.193307
A2RD4IE6IWNJ58, 1.193321
A1XZ2R37RYKZXI, 1.193332
ABBQNOK1V3521, 1.193333
A1Y9QL1OH22LT, 1.193333
A3M3ETMKTOK62E, 1.193333
A2V5M9PJB971I2, 1.193339
A1ID3AIRENX7GZ, 1.193340
A1J5R1BRQI15TG, 1.193340
A21XTSJISJEDRU, 1.193340
A2YK2OKGDJOKF2, 1.193340
A31G8HV0HQSG8L, 1.193340
A2V2H26LPRZTU1, 1.193351
A30W8CONAM9JI, 1.193366
A2P3GLJU22VAMD, 1.193372
A17R1ETU3HI9TJ, 1.197531
AXERH6EMBR7MC, 1.197757
A3DN9L5KILW0HP, 1.197763
A3US1QSEMTLW18, 1.197777
AC57ZRGZMHNR8, 1.197777
A1GCNWD2PA81ED, 1.197821
AHKPZ11JT110F, 1.198498
A2344608CT2821, 1.200648
A2DHA9BIS3NB2H, 1.200823
A1HOLE9R6WPT85, 1.203600
A11IDK9L74LPT1, 1.210010
A1U2VI8HX5ZXC1, 1.210036
AAFRCVB8XENT1, 1.216776
A1LQ1KQU70QGA, 1.225615
A2APBHKZCMD6DO, 1.236430
A2GDBBZMMBX1L, 1.238296
A20OQMLRFNZADL, 1.239204
A17TI3YHQNX46O, 1.241222
A2IYLMDQGBB4VG, 1.245836
A11NFERETUWA8Z, 1.261833
A2LUMWYGAOS4ZR, 1.266470
A3G7M77IKGD1B7, 1.267803
A3E3YJO2V3YZUM, 1.277910
A3N5SKXEA0NN57, 1.280438
A2ARL5R5P6EL7D, 1.281160
A2MEE3BSR6USC2, 1.281222
A3LOIAZYY3U9V9, 1.281222
A4JSQFCKVKX2A, 1.284095
A1ZBQ5QL976804, 1.292416
AXV5CT7AG4SYO, 1.292608
A10GBEDF4RCOVI, 1.294993
A2R58AAJK9347Q, 1.295905
A3HAAMN6X92OZP, 1.295922
A3NJAYJZTCKWG, 1.295999
A3LIF253SVDRMW, 1.296001
A1TQIPT2QBAS6Z, 1.296007
A324E9YJGBGN05, 1.296007
A2GDBQDUTOHDZ8, 1.296007
A1CM4DWYQICO8I, 1.296007
A3ADT55I2B26WG, 1.296007
A3HHYHVG9XJ58Z, 1.296685
A2APHQA8UQTV0, 1.316263
AQ5JDBXICB18J, 1.318218
A3PC3MU9CQCGSF, 1.335305
A3KLC58UPARUHW, 1.352281
A21Z0377YERLCH, 1.352553
ATZ0P4653KL13, 1.352703
A12KIEG8N4UJD6, 1.352703
A21D8LH2CD2EIZ, 1.352703
A1SB8CXAUIKT8X, 1.356252
A3S76TKGIJ8031, 1.363162
A16O0S1QROXGJM, 1.378633
A1JE5UZ4S352NV, 1.384757
A16MB0H009K4L9, 1.384878
A12BWPJGMPOO3Y, 1.384889
A3759QIB6KMQZ2, 1.384906
AH5NKAG8839T8, 1.384909
A2F1K346NIUSY1, 1.384920
AZ80XGWSRV879, 1.384920
A3TTIGRDKH9T6O, 1.384935
A7MHWORF8251S, 1.384941
AW7JE3I8B72PS, 1.384941
A3KPT4FF3J91W4, 1.384941
AFUUB7EOXJ42I, 1.384941
A2A4V2TRW08GC4, 1.384941
A36FE90RTAFJJD, 1.384971
A1W66FBLS1VXTE, 1.384978
A2WS6FMF750EI9, 1.390053
A33ZYFE8XMKKR1, 1.391442
AF3BYMPWKWO8F, 1.395339
ATXHMAP3ED09F, 1.415705
A3BO53PLZP6JHR, 1.417655
A36EANE2RDJQ8K, 1.423561
A1ZKYELIGGB3K9, 1.429307
AZG3HY4YMNDBB, 1.463016
A101HSNF12PR4Y, 1.463287
A2TOO8WCGY5VFG, 1.463341
A2NIWOK7H2EWRR, 1.463386
A1ADBFXP4CFNRA, 1.463386
A2429SSTK8K5US, 1.463395
A1EL9U1B1PJYF5, 1.463418
A1GCJGSIFEZF2X, 1.463418
A8DR6JIHBM6K5, 1.470607
A1FK9YLS9IEQGO, 1.477251
A2VUD4SPJO4V33, 1.494365
AS9BM0ZQOXMCY, 1.504487
A1FSZILKM1W3NN, 1.504525
A366K8ZPVIM9OW, 1.525130
APA1GLNHF6K9H, 1.525221
A1NSZ5JUXSJZ8C, 1.533461
A1H7CKOA2DQJU0, 1.533483
A24B9YQ1YWFHLF, 1.533497
A25W56ML0PB3SM, 1.533538
A3S88SC5W0MC5H, 1.533546
A36U7NO5WC37HO, 1.533558
ALDMJXA99NXEB, 1.533558
ABCNNP742AV30, 1.538761
A1R0Z1BJGWRH8E, 1.542129
ACVW32PGY0RH5, 1.565873
A2W3KOTHFGVNMT, 1.583977
AJXA1LEPPNFW4, 1.597036
A4JYAW6LTDZ4Q, 1.622440
A3TJPSWY2HE4BS, 1.627388
A1ODU9IV6O87IB, 1.627457
A2BYMZ09DS2T0B, 1.633141
A15ASTBZBU7AXD, 1.641964
A27MOT4ZIUAKIW, 1.654837
A3E5PHPXUU0T58, 1.654918
A4V3R95M69Z1B, 1.654951
A3NKQ6NPDL9J7Q, 1.654980
A3HTMUB72A5P79, 1.654987
A2EG5ZEK4S4E7F, 1.654987
AJSQODVTPYBKP, 1.654987
A14VQRIH3FDX5K, 1.691102
A386OP2O7Z5Y5L, 1.698553
A1CVPBZYFSVIAQ, 1.708252
A21J6NI4JKSOK2, 1.708292
A3JLECMNWC4LDY, 1.708389
A3D7FUBG14QWKX, 1.709622
A3J5FVO3TJL6VZ, 1.723614
A2Q5YDEQBRBZMK, 1.754066
APZ7L50ZMS3EI, 1.769003
A2RFDK0V0RR7HF, 1.803256
A2ASEKR0NI5EK5, 1.803272
A2VQWV1HMW99AS, 1.803381
A1P6S7F4MD476C, 1.803397
A240JPZ4EINMDJ, 1.803460
A3C90IMAT0PH0T, 1.803501
A3UFRBCC1CSCSJ, 1.803510
A3HZZYLFH0R397, 1.803532
A2S2RFBCSQBL4W, 1.803537
A13Q406RQU44OP, 1.803541
A1TDGLDUNPABKI, 1.803604
A3T8J075H85W5A, 1.803604
A2OLJKXJBAYBTY, 1.803604
A2XPZJEV1JP19U, 1.803628
AFBAML6LS05KB, 1.803653
AAJAN7GE1QUUG, 1.815807
A1RUS8VOWCIC28, 1.868412
A1T2WKMLGSO507, 1.902060
A31MZR41SM9JU5, 1.925031
A2V2GS1VOYGP2Y, 1.925033
A1FEP94TP15RG0, 1.926021
A3ARC3UIY3Z1KQ, 2.027609
A37BNU9KEYV2UC, 2.027628
A2WNN1DQVL4LH5, 2.089360
A1CYNZMKTXO222, 2.169577
A3JUM0WSKPN0NT, 2.169910
A3OJ5D1THAJKYY, 2.169920
A1AAOIZQ5JNUVL, 2.169943
AKZKG2Z7CNV27, 2.346858
